DATAFLOW,SPECIFICATION: Specification,FREQ: Frequency,TIME_PERIOD: Time period,OBS_VALUE,NOTE_SPECIFICATION_2: Note specification 2,NOTE_SPECIFICATION_1: Note specification 1,NOTE_DATE_2: Note Date 2,NOTE_DATE_1: Note Date 1,OBS_STATUS: Observation status,DECIMALS: Decimals
LU1:DF_B1100(1.0),C06: Total females,A: Annual,1821-01-01,,,,,,l: Not available,0: Zero
LU1:DF_B1100(1.0),C06: Total females,A: Annual,1839-10-01,,,,,,l: Not available,0: Zero
LU1:DF_B1100(1.0),C06: Total females,A: Annual,1846-12-03,,,,,,l: Not available,0: Zero
LU1:DF_B1100(1.0),C06: Total females,A: Annual,1847-12-31,,,,,,l: Not available,0: Zero
LU1:DF_B1100(1.0),C06: Total females,A: Annual,1849-12-03,,,,,,l: Not available,0: Zero
LU1:DF_B1100(1.0),C06: Total females,A: Annual,1851-12-31,,,,,,l: Not available,0: Zero
LU1:DF_B1100(1.0),C06: Total females,A: Annual,1855-12-03,,,,,,l: Not available,0: Zero
LU1:DF_B1100(1.0),C06: Total females,A: Annual,1861-12-03,,,,,,l: Not available,0: Zero
LU1:DF_B1100(1.0),C06: Total females,A: Annual,1864-12-03,,,,,,l: Not available,0: Zero
LU1:DF_B1100(1.0),C06: Total females,A: Annual,1865-12-31,,,,,,l: Not available,0: Zero
LU1:DF_B1100(1.0),C06: Total females,A: Annual,1871-12-01,99283,,,,SL01: Data from population census,,0: Zero
LU1:DF_B1100(1.0),C06: Total females,A: Annual,1875-12-01,102049,,,,SL01: Data from population census,,0: Zero
LU1:DF_B1100(1.0),C06: Total females,A: Annual,1880-12-01,104490,,,,SL01: Data from population census,,0: Zero
LU1:DF_B1100(1.0),C06: Total females,A: Annual,1885-12-01,106141,,,,SL01: Data from population census,,0: Zero
LU1:DF_B1100(1.0),C06: Total females,A: Annual,1890-12-01,105669,,,,SL01: Data from population census,,0: Zero
LU1:DF_B1100(1.0),C06: Total females,A: Annual,1895-12-02,108301,,,,SL01: Data from population census,,0: Zero
LU1:DF_B1100(1.0),C06: Total females,A: Annual,1900-12-01,114361,,,,SL01: Data from population census,,0: Zero
LU1:DF_B1100(1.0),C06: Total females,A: Annual,1905-12-01,120235,,,,SL01: Data from population census,,0: Zero
LU1:DF_B1100(1.0),C06: Total females,A: Annual,1910-12-01,125790,,,,SL01: Data from population census,,0: Zero
LU1:DF_B1100(1.0),C06: Total females,A: Annual,1916-12-01,133310,,,,SL01: Data from population census,,0: Zero
LU1:DF_B1100(1.0),C06: Total females,A: Annual,1922-12-01,128744,,,,SL01: Data from population census,,0: Zero
LU1:DF_B1100(1.0),C06: Total females,A: Annual,1927-12-01,137927,,,,SL01: Data from population census,,0: Zero
LU1:DF_B1100(1.0),C06: Total females,A: Annual,1930-12-31,145588,,,,SL01: Data from population census,,0: Zero
LU1:DF_B1100(1.0),C06: Total females,A: Annual,1935-12-31,147484,,,,SL01: Data from population census,,0: Zero
LU1:DF_B1100(1.0),C06: Total females,A: Annual,1947-12-31,145896,,,,SL01: Data from population census,,0: Zero
LU1:DF_B1100(1.0),C06: Total females,A: Annual,1960-12-31,159408,,,,SL01: Data from population census,,0: Zero
LU1:DF_B1100(1.0),C06: Total females,A: Annual,1966-12-31,170215,,,,SL01: Data from population census,,0: Zero
LU1:DF_B1100(1.0),C06: Total females,A: Annual,1970-12-31,173291,,,,SL01: Data from population census,,0: Zero
LU1:DF_B1100(1.0),C06: Total females,A: Annual,1974-12-31,180200,,,"D01: Calculated data, rounded figures",,,0: Zero
LU1:DF_B1100(1.0),C06: Total females,A: Annual,1975-12-31,181600,,,"D01: Calculated data, rounded figures",,,0: Zero
LU1:DF_B1100(1.0),C06: Total females,A: Annual,1976-12-31,182400,,,"D01: Calculated data, rounded figures",,,0: Zero
LU1:DF_B1100(1.0),C06: Total females,A: Annual,1977-12-31,183300,,,"D01: Calculated data, rounded figures",,,0: Zero
LU1:DF_B1100(1.0),C06: Total females,A: Annual,1978-12-31,184000,,,"D01: Calculated data, rounded figures",,,0: Zero
LU1:DF_B1100(1.0),C06: Total females,A: Annual,1979-12-31,185500,,,"D01: Calculated data, rounded figures",,,0: Zero
LU1:DF_B1100(1.0),C06: Total females,A: Annual,1980-12-31,186600,,,"D01: Calculated data, rounded figures",,,0: Zero
LU1:DF_B1100(1.0),C06: Total females,A: Annual,1981-03-31,186733,,,,SL01: Data from population census,,0: Zero
LU1:DF_B1100(1.0),C06: Total females,A: Annual,1981-12-31,187600,,,"D01: Calculated data, rounded figures",,,0: Zero
LU1:DF_B1100(1.0),C06: Total females,A: Annual,1982-12-31,187700,,,"D01: Calculated data, rounded figures",,,0: Zero
LU1:DF_B1100(1.0),C06: Total females,A: Annual,1983-12-31,187900,,,"D01: Calculated data, rounded figures",,,0: Zero
LU1:DF_B1100(1.0),C06: Total females,A: Annual,1984-12-31,188100,,,"D01: Calculated data, rounded figures",,,0: Zero
LU1:DF_B1100(1.0),C06: Total females,A: Annual,1985-12-31,188600,,,"D01: Calculated data, rounded figures",,,0: Zero
LU1:DF_B1100(1.0),C06: Total females,A: Annual,1986-12-31,189900,,,"D01: Calculated data, rounded figures",,,0: Zero
LU1:DF_B1100(1.0),C06: Total females,A: Annual,1987-12-31,190900,,,"D01: Calculated data, rounded figures",,,0: Zero
LU1:DF_B1100(1.0),C06: Total females,A: Annual,1988-12-31,192500,,,"D01: Calculated data, rounded figures",,,0: Zero
LU1:DF_B1100(1.0),C06: Total females,A: Annual,1989-12-31,193900,,,"D01: Calculated data, rounded figures",,,0: Zero
LU1:DF_B1100(1.0),C06: Total females,A: Annual,1990-12-31,196100,,,"D01: Calculated data, rounded figures",,,0: Zero
LU1:DF_B1100(1.0),C06: Total females,A: Annual,1991-03-01,196064,,,,SL01: Data from population census,,0: Zero
LU1:DF_B1100(1.0),C06: Total females,A: Annual,1991-12-31,198400,,,"D01: Calculated data, rounded figures",,,0: Zero
LU1:DF_B1100(1.0),C06: Total females,A: Annual,1992-12-31,200900,,,"D01: Calculated data, rounded figures",,,0: Zero
LU1:DF_B1100(1.0),C06: Total females,A: Annual,1993-12-31,203600,,,"D01: Calculated data, rounded figures",,,0: Zero
LU1:DF_B1100(1.0),C06: Total females,A: Annual,1994-12-31,206500,,,"D01: Calculated data, rounded figures",,,0: Zero
LU1:DF_B1100(1.0),C06: Total females,A: Annual,1995-12-31,209600,,,"D01: Calculated data, rounded figures",,,0: Zero
LU1:DF_B1100(1.0),C06: Total females,A: Annual,1996-12-31,212200,,,"D01: Calculated data, rounded figures",,,0: Zero
LU1:DF_B1100(1.0),C06: Total females,A: Annual,1997-12-31,214700,,,"D01: Calculated data, rounded figures",,,0: Zero
LU1:DF_B1100(1.0),C06: Total females,A: Annual,1998-12-31,217000,,,"D01: Calculated data, rounded figures",,,0: Zero
LU1:DF_B1100(1.0),C06: Total females,A: Annual,1999-12-31,220000,,,"D01: Calculated data, rounded figures",,,0: Zero
LU1:DF_B1100(1.0),C06: Total females,A: Annual,2000-12-31,222400,,,"D01: Calculated data, rounded figures",,,0: Zero
LU1:DF_B1100(1.0),C06: Total females,A: Annual,2001-02-15,222999,,,,SL01: Data from population census,,0: Zero
LU1:DF_B1100(1.0),C06: Total females,A: Annual,2001-12-31,225200,,,"D01: Calculated data, rounded figures",,,0: Zero
LU1:DF_B1100(1.0),C06: Total females,A: Annual,2002-12-31,227300,,,"D01: Calculated data, rounded figures",,,0: Zero
LU1:DF_B1100(1.0),C06: Total females,A: Annual,2003-12-31,230300,,,"D01: Calculated data, rounded figures",,,0: Zero
LU1:DF_B1100(1.0),C06: Total females,A: Annual,2004-12-31,233100,,,"D01: Calculated data, rounded figures",,,0: Zero
LU1:DF_B1100(1.0),C06: Total females,A: Annual,2005-12-31,237000,,,"D01: Calculated data, rounded figures",,,0: Zero
LU1:DF_B1100(1.0),C06: Total females,A: Annual,2006-12-31,240400,,,"D01: Calculated data, rounded figures",,,0: Zero
LU1:DF_B1100(1.0),C06: Total females,A: Annual,2007-12-31,244200,,,"D01: Calculated data, rounded figures",,,0: Zero
LU1:DF_B1100(1.0),C06: Total females,A: Annual,2008-12-31,248700,,,"D01: Calculated data, rounded figures",,,0: Zero
LU1:DF_B1100(1.0),C06: Total females,A: Annual,2009-12-31,252700,,,"D01: Calculated data, rounded figures",,,0: Zero
LU1:DF_B1100(1.0),C06: Total females,A: Annual,2010-12-31,257200,,,"D01: Calculated data, rounded figures",,,0: Zero
LU1:DF_B1100(1.0),C06: Total females,A: Annual,2011-02-01,257386,,,,SL01: Data from population census,,0: Zero
LU1:DF_B1100(1.0),C06: Total females,A: Annual,2011-12-31,263000,,,"D01: Calculated data, rounded figures",,,0: Zero
LU1:DF_B1100(1.0),C06: Total females,A: Annual,2012-12-31,268600,,,"D01: Calculated data, rounded figures",,,0: Zero
LU1:DF_B1100(1.0),C06: Total females,A: Annual,2013-12-31,274600,,,"D01: Calculated data, rounded figures",,,0: Zero
LU1:DF_B1100(1.0),C06: Total females,A: Annual,2014-12-31,281000,,,"D01: Calculated data, rounded figures",,,0: Zero
LU1:DF_B1100(1.0),C06: Total females,A: Annual,2015-12-31,287000,,,"D01: Calculated data, rounded figures",,,0: Zero
LU1:DF_B1100(1.0),C06: Total females,A: Annual,2016-12-31,294026,,,,R02: Data from population Register,,0: Zero
LU1:DF_B1100(1.0),C06: Total females,A: Annual,2017-12-31,299425,,,,R02: Data from population Register,,0: Zero
LU1:DF_B1100(1.0),C06: Total females,A: Annual,2018-12-31,305174,,,,R02: Data from population Register,,0: Zero
LU1:DF_B1100(1.0),C06: Total females,A: Annual,2019-12-31,311144,,,,R02: Data from population Register,,0: Zero
LU1:DF_B1100(1.0),C06: Total females,A: Annual,2020-12-31,315274,,,,R02: Data from population Register,,0: Zero
LU1:DF_B1100(1.0),C06: Total females,A: Annual,2021-12-31,320333,,,,R02: Data from population Register,,0: Zero
LU1:DF_B1100(1.0),C06: Total females,A: Annual,2022-12-31,328365,,,,R02: Data from population Register,,0: Zero
LU1:DF_B1100(1.0),C05: Foreign males,A: Annual,1821-01-01,,,,,,l: Not available,0: Zero
LU1:DF_B1100(1.0),C05: Foreign males,A: Annual,1839-10-01,,,,,,l: Not available,0: Zero
LU1:DF_B1100(1.0),C05: Foreign males,A: Annual,1846-12-03,,,,,,l: Not available,0: Zero
LU1:DF_B1100(1.0),C05: Foreign males,A: Annual,1847-12-31,,,,,,l: Not available,0: Zero
LU1:DF_B1100(1.0),C05: Foreign males,A: Annual,1849-12-03,,,,,,l: Not available,0: Zero
LU1:DF_B1100(1.0),C05: Foreign males,A: Annual,1851-12-31,,,,,,l: Not available,0: Zero
LU1:DF_B1100(1.0),C05: Foreign males,A: Annual,1855-12-03,,,,,,l: Not available,0: Zero
LU1:DF_B1100(1.0),C05: Foreign males,A: Annual,1861-12-03,,,,,,l: Not available,0: Zero
LU1:DF_B1100(1.0),C05: Foreign males,A: Annual,1864-12-03,,,,,,l: Not available,0: Zero
LU1:DF_B1100(1.0),C05: Foreign males,A: Annual,1865-12-31,,,,,,l: Not available,0: Zero
LU1:DF_B1100(1.0),C05: Foreign males,A: Annual,1871-12-01,3613,,,,SL01: Data from population census,,0: Zero
LU1:DF_B1100(1.0),C05: Foreign males,A: Annual,1875-12-01,3745,,,,SL01: Data from population census,,0: Zero
LU1:DF_B1100(1.0),C05: Foreign males,A: Annual,1880-12-01,7074,,,,SL01: Data from population census,,0: Zero
LU1:DF_B1100(1.0),C05: Foreign males,A: Annual,1885-12-01,9052,,,,SL01: Data from population census,,0: Zero
LU1:DF_B1100(1.0),C05: Foreign males,A: Annual,1890-12-01,9642,,,,SL01: Data from population census,,0: Zero
LU1:DF_B1100(1.0),C05: Foreign males,A: Annual,1895-12-02,11249,,,,SL01: Data from population census,,0: Zero
LU1:DF_B1100(1.0),C05: Foreign males,A: Annual,1900-12-01,18405,,,,SL01: Data from population census,,0: Zero
LU1:DF_B1100(1.0),C05: Foreign males,A: Annual,1905-12-01,19590,,,,SL01: Data from population census,,0: Zero
LU1:DF_B1100(1.0),C05: Foreign males,A: Annual,1910-12-01,24134,,,,SL01: Data from population census,,0: Zero
LU1:DF_B1100(1.0),C05: Foreign males,A: Annual,1916-12-01,,,,,,l: Not available,0: Zero
LU1:DF_B1100(1.0),C05: Foreign males,A: Annual,1922-12-01,18145,,,,SL01: Data from population census,,0: Zero
LU1:DF_B1100(1.0),C05: Foreign males,A: Annual,1927-12-01,28412,,,,SL01: Data from population census,,0: Zero
LU1:DF_B1100(1.0),C05: Foreign males,A: Annual,1930-12-31,31382,,,,SL01: Data from population census,,0: Zero
LU1:DF_B1100(1.0),C05: Foreign males,A: Annual,1935-12-31,20346,,,,SL01: Data from population census,,0: Zero
LU1:DF_B1100(1.0),C05: Foreign males,A: Annual,1947-12-31,15410,,,,SL01: Data from population census,,0: Zero
LU1:DF_B1100(1.0),C05: Foreign males,A: Annual,1960-12-31,21216,,,,SL01: Data from population census,,0: Zero
LU1:DF_B1100(1.0),C05: Foreign males,A: Annual,1966-12-31,28655,,,,SL01: Data from population census,,0: Zero
LU1:DF_B1100(1.0),C05: Foreign males,A: Annual,1970-12-31,31505,,,,SL01: Data from population census,,0: Zero
LU1:DF_B1100(1.0),C05: Foreign males,A: Annual,1974-12-31,,,,,,l: Not available,0: Zero
LU1:DF_B1100(1.0),C05: Foreign males,A: Annual,1975-12-31,,,,,,l: Not available,0: Zero
LU1:DF_B1100(1.0),C05: Foreign males,A: Annual,1976-12-31,,,,,,l: Not available,0: Zero
LU1:DF_B1100(1.0),C05: Foreign males,A: Annual,1977-12-31,,,,,,l: Not available,0: Zero
LU1:DF_B1100(1.0),C05: Foreign males,A: Annual,1978-12-31,,,,,,l: Not available,0: Zero
LU1:DF_B1100(1.0),C05: Foreign males,A: Annual,1979-12-31,,,,,,l: Not available,0: Zero
LU1:DF_B1100(1.0),C05: Foreign males,A: Annual,1980-12-31,,,,,,l: Not available,0: Zero
LU1:DF_B1100(1.0),C05: Foreign males,A: Annual,1981-03-31,48072,,,,SL01: Data from population census,,0: Zero
LU1:DF_B1100(1.0),C05: Foreign males,A: Annual,1981-12-31,,,,,,l: Not available,0: Zero
LU1:DF_B1100(1.0),C05: Foreign males,A: Annual,1982-12-31,,,,,,l: Not available,0: Zero
LU1:DF_B1100(1.0),C05: Foreign males,A: Annual,1983-12-31,,,,,,l: Not available,0: Zero
LU1:DF_B1100(1.0),C05: Foreign males,A: Annual,1984-12-31,,,,,,l: Not available,0: Zero
LU1:DF_B1100(1.0),C05: Foreign males,A: Annual,1985-12-31,,,,,,l: Not available,0: Zero
LU1:DF_B1100(1.0),C05: Foreign males,A: Annual,1986-12-31,,,,,,l: Not available,0: Zero
LU1:DF_B1100(1.0),C05: Foreign males,A: Annual,1987-12-31,,,,,,l: Not available,0: Zero
LU1:DF_B1100(1.0),C05: Foreign males,A: Annual,1988-12-31,,,,,,l: Not available,0: Zero
LU1:DF_B1100(1.0),C05: Foreign males,A: Annual,1989-12-31,,,,,,l: Not available,0: Zero
LU1:DF_B1100(1.0),C05: Foreign males,A: Annual,1990-12-31,,,,,,l: Not available,0: Zero
LU1:DF_B1100(1.0),C05: Foreign males,A: Annual,1991-03-01,57364,,,,SL01: Data from population census,,0: Zero
LU1:DF_B1100(1.0),C05: Foreign males,A: Annual,1991-12-31,,,,,,l: Not available,0: Zero
LU1:DF_B1100(1.0),C05: Foreign males,A: Annual,1992-12-31,,,,,,l: Not available,0: Zero
LU1:DF_B1100(1.0),C05: Foreign males,A: Annual,1993-12-31,,,,,,l: Not available,0: Zero
LU1:DF_B1100(1.0),C05: Foreign males,A: Annual,1994-12-31,,,,,,l: Not available,0: Zero
LU1:DF_B1100(1.0),C05: Foreign males,A: Annual,1995-12-31,,,,,,l: Not available,0: Zero
LU1:DF_B1100(1.0),C05: Foreign males,A: Annual,1996-12-31,,,,,,l: Not available,0: Zero
LU1:DF_B1100(1.0),C05: Foreign males,A: Annual,1997-12-31,,,,,,l: Not available,0: Zero
LU1:DF_B1100(1.0),C05: Foreign males,A: Annual,1998-12-31,,,,,,l: Not available,0: Zero
LU1:DF_B1100(1.0),C05: Foreign males,A: Annual,1999-12-31,,,,,,l: Not available,0: Zero
LU1:DF_B1100(1.0),C05: Foreign males,A: Annual,2000-12-31,,,,,,l: Not available,0: Zero
LU1:DF_B1100(1.0),C05: Foreign males,A: Annual,2001-02-15,81167,,,,SL01: Data from population census,,0: Zero
LU1:DF_B1100(1.0),C05: Foreign males,A: Annual,2001-12-31,,,,,,l: Not available,0: Zero
LU1:DF_B1100(1.0),C05: Foreign males,A: Annual,2002-12-31,,,,,,l: Not available,0: Zero
LU1:DF_B1100(1.0),C05: Foreign males,A: Annual,2003-12-31,,,,,,l: Not available,0: Zero
LU1:DF_B1100(1.0),C05: Foreign males,A: Annual,2004-12-31,,,,,,l: Not available,0: Zero
LU1:DF_B1100(1.0),C05: Foreign males,A: Annual,2005-12-31,,,,,,l: Not available,0: Zero
LU1:DF_B1100(1.0),C05: Foreign males,A: Annual,2006-12-31,,,,,,l: Not available,0: Zero
LU1:DF_B1100(1.0),C05: Foreign males,A: Annual,2007-12-31,,,,,,l: Not available,0: Zero
LU1:DF_B1100(1.0),C05: Foreign males,A: Annual,2008-12-31,,,,,,l: Not available,0: Zero
LU1:DF_B1100(1.0),C05: Foreign males,A: Annual,2009-12-31,,,,,,l: Not available,0: Zero
LU1:DF_B1100(1.0),C05: Foreign males,A: Annual,2010-12-31,,,,,,l: Not available,0: Zero
LU1:DF_B1100(1.0),C05: Foreign males,A: Annual,2011-02-01,111816,,,,SL01: Data from population census,,0: Zero
LU1:DF_B1100(1.0),C05: Foreign males,A: Annual,2011-12-31,,,,,,l: Not available,0: Zero
LU1:DF_B1100(1.0),C05: Foreign males,A: Annual,2012-12-31,,,,,,l: Not available,0: Zero
LU1:DF_B1100(1.0),C05: Foreign males,A: Annual,2013-12-31,,,,,,l: Not available,0: Zero
LU1:DF_B1100(1.0),C05: Foreign males,A: Annual,2014-12-31,,,,,,l: Not available,0: Zero
LU1:DF_B1100(1.0),C05: Foreign males,A: Annual,2015-12-31,,,,,,l: Not available,0: Zero
LU1:DF_B1100(1.0),C05: Foreign males,A: Annual,2016-12-31,144709,,,,R02: Data from population Register,,0: Zero
LU1:DF_B1100(1.0),C05: Foreign males,A: Annual,2017-12-31,148276,,,,R02: Data from population Register,,0: Zero
LU1:DF_B1100(1.0),C05: Foreign males,A: Annual,2018-12-31,150012,,,,R02: Data from population Register,,0: Zero
LU1:DF_B1100(1.0),C05: Foreign males,A: Annual,2019-12-31,152697,,,,R02: Data from population Register,,0: Zero
LU1:DF_B1100(1.0),C05: Foreign males,A: Annual,2020-12-31,154400,,,,R02: Data from population Register,,0: Zero
LU1:DF_B1100(1.0),C05: Foreign males,A: Annual,2021-12-31,157050,,,,R02: Data from population Register,,0: Zero
LU1:DF_B1100(1.0),C05: Foreign males,A: Annual,2022-12-31,161318,,,,R02: Data from population Register,,0: Zero
LU1:DF_B1100(1.0),C01: Total population,A: Annual,1821-01-01,134082,"C01: The figures by nationality and gender relate to the population of habitual residence, except for the years 1871-1930. Break in series: as from 1821 Source: STATEC. As from 2016 Source: STATEC and CTIE",,,SL01: Data from population census,,0: Zero
LU1:DF_B1100(1.0),C01: Total population,A: Annual,1839-10-01,175223,"C01: The figures by nationality and gender relate to the population of habitual residence, except for the years 1871-1930. Break in series: as from 1821 Source: STATEC. As from 2016 Source: STATEC and CTIE",,,SL01: Data from population census,,0: Zero
LU1:DF_B1100(1.0),C01: Total population,A: Annual,1846-12-03,186140,"C01: The figures by nationality and gender relate to the population of habitual residence, except for the years 1871-1930. Break in series: as from 1821 Source: STATEC. As from 2016 Source: STATEC and CTIE",,,SL01: Data from population census,,0: Zero
LU1:DF_B1100(1.0),C01: Total population,A: Annual,1847-12-31,186062,"C01: The figures by nationality and gender relate to the population of habitual residence, except for the years 1871-1930. Break in series: as from 1821 Source: STATEC. As from 2016 Source: STATEC and CTIE",,,SL01: Data from population census,,0: Zero
LU1:DF_B1100(1.0),C01: Total population,A: Annual,1849-12-03,189783,"C01: The figures by nationality and gender relate to the population of habitual residence, except for the years 1871-1930. Break in series: as from 1821 Source: STATEC. As from 2016 Source: STATEC and CTIE",,,SL01: Data from population census,,0: Zero
LU1:DF_B1100(1.0),C01: Total population,A: Annual,1851-12-31,194719,"C01: The figures by nationality and gender relate to the population of habitual residence, except for the years 1871-1930. Break in series: as from 1821 Source: STATEC. As from 2016 Source: STATEC and CTIE",,,SL01: Data from population census,,0: Zero
LU1:DF_B1100(1.0),C01: Total population,A: Annual,1855-12-03,189480,"C01: The figures by nationality and gender relate to the population of habitual residence, except for the years 1871-1930. Break in series: as from 1821 Source: STATEC. As from 2016 Source: STATEC and CTIE",,,SL01: Data from population census,,0: Zero
LU1:DF_B1100(1.0),C01: Total population,A: Annual,1861-12-03,197731,"C01: The figures by nationality and gender relate to the population of habitual residence, except for the years 1871-1930. Break in series: as from 1821 Source: STATEC. As from 2016 Source: STATEC and CTIE",,,SL01: Data from population census,,0: Zero
LU1:DF_B1100(1.0),C01: Total population,A: Annual,1864-12-03,202937,"C01: The figures by nationality and gender relate to the population of habitual residence, except for the years 1871-1930. Break in series: as from 1821 Source: STATEC. As from 2016 Source: STATEC and CTIE",,,SL01: Data from population census,,0: Zero
LU1:DF_B1100(1.0),C01: Total population,A: Annual,1865-12-31,203664,"C01: The figures by nationality and gender relate to the population of habitual residence, except for the years 1871-1930. Break in series: as from 1821 Source: STATEC. As from 2016 Source: STATEC and CTIE",,,SL01: Data from population census,,0: Zero
LU1:DF_B1100(1.0),C01: Total population,A: Annual,1871-12-01,204028,"C01: The figures by nationality and gender relate to the population of habitual residence, except for the years 1871-1930. Break in series: as from 1821 Source: STATEC. As from 2016 Source: STATEC and CTIE",,,SL01: Data from population census,,0: Zero
LU1:DF_B1100(1.0),C01: Total population,A: Annual,1875-12-01,204606,"C01: The figures by nationality and gender relate to the population of habitual residence, except for the years 1871-1930. Break in series: as from 1821 Source: STATEC. As from 2016 Source: STATEC and CTIE",,,SL01: Data from population census,,0: Zero
LU1:DF_B1100(1.0),C01: Total population,A: Annual,1880-12-01,210507,"C01: The figures by nationality and gender relate to the population of habitual residence, except for the years 1871-1930. Break in series: as from 1821 Source: STATEC. As from 2016 Source: STATEC and CTIE",,,SL01: Data from population census,,0: Zero
LU1:DF_B1100(1.0),C01: Total population,A: Annual,1885-12-01,214633,"C01: The figures by nationality and gender relate to the population of habitual residence, except for the years 1871-1930. Break in series: as from 1821 Source: STATEC. As from 2016 Source: STATEC and CTIE",,,SL01: Data from population census,,0: Zero
LU1:DF_B1100(1.0),C01: Total population,A: Annual,1890-12-01,211481,"C01: The figures by nationality and gender relate to the population of habitual residence, except for the years 1871-1930. Break in series: as from 1821 Source: STATEC. As from 2016 Source: STATEC and CTIE",,,SL01: Data from population census,,0: Zero
LU1:DF_B1100(1.0),C01: Total population,A: Annual,1895-12-02,217716,"C01: The figures by nationality and gender relate to the population of habitual residence, except for the years 1871-1930. Break in series: as from 1821 Source: STATEC. As from 2016 Source: STATEC and CTIE",,,SL01: Data from population census,,0: Zero
LU1:DF_B1100(1.0),C01: Total population,A: Annual,1900-12-01,234674,"C01: The figures by nationality and gender relate to the population of habitual residence, except for the years 1871-1930. Break in series: as from 1821 Source: STATEC. As from 2016 Source: STATEC and CTIE",,,SL01: Data from population census,,0: Zero
LU1:DF_B1100(1.0),C01: Total population,A: Annual,1905-12-01,245888,"C01: The figures by nationality and gender relate to the population of habitual residence, except for the years 1871-1930. Break in series: as from 1821 Source: STATEC. As from 2016 Source: STATEC and CTIE",,,SL01: Data from population census,,0: Zero
LU1:DF_B1100(1.0),C01: Total population,A: Annual,1910-12-01,259027,"C01: The figures by nationality and gender relate to the population of habitual residence, except for the years 1871-1930. Break in series: as from 1821 Source: STATEC. As from 2016 Source: STATEC and CTIE",,,SL01: Data from population census,,0: Zero
LU1:DF_B1100(1.0),C01: Total population,A: Annual,1916-12-01,263490,"C01: The figures by nationality and gender relate to the population of habitual residence, except for the years 1871-1930. Break in series: as from 1821 Source: STATEC. As from 2016 Source: STATEC and CTIE",,,SL01: Data from population census,,0: Zero
LU1:DF_B1100(1.0),C01: Total population,A: Annual,1922-12-01,261643,"C01: The figures by nationality and gender relate to the population of habitual residence, except for the years 1871-1930. Break in series: as from 1821 Source: STATEC. As from 2016 Source: STATEC and CTIE",,,SL01: Data from population census,,0: Zero
LU1:DF_B1100(1.0),C01: Total population,A: Annual,1927-12-01,284702,"C01: The figures by nationality and gender relate to the population of habitual residence, except for the years 1871-1930. Break in series: as from 1821 Source: STATEC. As from 2016 Source: STATEC and CTIE",,,SL01: Data from population census,,0: Zero
LU1:DF_B1100(1.0),C01: Total population,A: Annual,1930-12-31,299782,"C01: The figures by nationality and gender relate to the population of habitual residence, except for the years 1871-1930. Break in series: as from 1821 Source: STATEC. As from 2016 Source: STATEC and CTIE",,,SL01: Data from population census,,0: Zero
LU1:DF_B1100(1.0),C01: Total population,A: Annual,1935-12-31,296913,"C01: The figures by nationality and gender relate to the population of habitual residence, except for the years 1871-1930. Break in series: as from 1821 Source: STATEC. As from 2016 Source: STATEC and CTIE",,,SL01: Data from population census,,0: Zero
LU1:DF_B1100(1.0),C01: Total population,A: Annual,1947-12-31,290992,"C01: The figures by nationality and gender relate to the population of habitual residence, except for the years 1871-1930. Break in series: as from 1821 Source: STATEC. As from 2016 Source: STATEC and CTIE",,,SL01: Data from population census,,0: Zero
LU1:DF_B1100(1.0),C01: Total population,A: Annual,1960-12-31,314889,"C01: The figures by nationality and gender relate to the population of habitual residence, except for the years 1871-1930. Break in series: as from 1821 Source: STATEC. As from 2016 Source: STATEC and CTIE",,,SL01: Data from population census,,0: Zero
LU1:DF_B1100(1.0),C01: Total population,A: Annual,1966-12-31,334790,"C01: The figures by nationality and gender relate to the population of habitual residence, except for the years 1871-1930. Break in series: as from 1821 Source: STATEC. As from 2016 Source: STATEC and CTIE",,,SL01: Data from population census,,0: Zero
LU1:DF_B1100(1.0),C01: Total population,A: Annual,1970-12-31,339841,"C01: The figures by nationality and gender relate to the population of habitual residence, except for the years 1871-1930. Break in series: as from 1821 Source: STATEC. As from 2016 Source: STATEC and CTIE",,,SL01: Data from population census,,0: Zero
LU1:DF_B1100(1.0),C01: Total population,A: Annual,1974-12-31,357400,"C01: The figures by nationality and gender relate to the population of habitual residence, except for the years 1871-1930. Break in series: as from 1821 Source: STATEC. As from 2016 Source: STATEC and CTIE",,"D01: Calculated data, rounded figures",,,0: Zero
LU1:DF_B1100(1.0),C01: Total population,A: Annual,1975-12-31,360500,"C01: The figures by nationality and gender relate to the population of habitual residence, except for the years 1871-1930. Break in series: as from 1821 Source: STATEC. As from 2016 Source: STATEC and CTIE",,"D01: Calculated data, rounded figures",,,0: Zero
LU1:DF_B1100(1.0),C01: Total population,A: Annual,1976-12-31,360900,"C01: The figures by nationality and gender relate to the population of habitual residence, except for the years 1871-1930. Break in series: as from 1821 Source: STATEC. As from 2016 Source: STATEC and CTIE",,"D01: Calculated data, rounded figures",,,0: Zero
LU1:DF_B1100(1.0),C01: Total population,A: Annual,1977-12-31,361700,"C01: The figures by nationality and gender relate to the population of habitual residence, except for the years 1871-1930. Break in series: as from 1821 Source: STATEC. As from 2016 Source: STATEC and CTIE",,"D01: Calculated data, rounded figures",,,0: Zero
LU1:DF_B1100(1.0),C01: Total population,A: Annual,1978-12-31,362300,"C01: The figures by nationality and gender relate to the population of habitual residence, except for the years 1871-1930. Break in series: as from 1821 Source: STATEC. As from 2016 Source: STATEC and CTIE",,"D01: Calculated data, rounded figures",,,0: Zero
LU1:DF_B1100(1.0),C01: Total population,A: Annual,1979-12-31,363500,"C01: The figures by nationality and gender relate to the population of habitual residence, except for the years 1871-1930. Break in series: as from 1821 Source: STATEC. As from 2016 Source: STATEC and CTIE",,"D01: Calculated data, rounded figures",,,0: Zero
LU1:DF_B1100(1.0),C01: Total population,A: Annual,1980-12-31,364900,"C01: The figures by nationality and gender relate to the population of habitual residence, except for the years 1871-1930. Break in series: as from 1821 Source: STATEC. As from 2016 Source: STATEC and CTIE",,"D01: Calculated data, rounded figures",,,0: Zero
LU1:DF_B1100(1.0),C01: Total population,A: Annual,1981-03-31,364602,"C01: The figures by nationality and gender relate to the population of habitual residence, except for the years 1871-1930. Break in series: as from 1821 Source: STATEC. As from 2016 Source: STATEC and CTIE",,,SL01: Data from population census,,0: Zero
LU1:DF_B1100(1.0),C01: Total population,A: Annual,1981-12-31,365600,"C01: The figures by nationality and gender relate to the population of habitual residence, except for the years 1871-1930. Break in series: as from 1821 Source: STATEC. As from 2016 Source: STATEC and CTIE",,"D01: Calculated data, rounded figures",,,0: Zero
LU1:DF_B1100(1.0),C01: Total population,A: Annual,1982-12-31,365400,"C01: The figures by nationality and gender relate to the population of habitual residence, except for the years 1871-1930. Break in series: as from 1821 Source: STATEC. As from 2016 Source: STATEC and CTIE",,"D01: Calculated data, rounded figures",,,0: Zero
LU1:DF_B1100(1.0),C01: Total population,A: Annual,1983-12-31,365500,"C01: The figures by nationality and gender relate to the population of habitual residence, except for the years 1871-1930. Break in series: as from 1821 Source: STATEC. As from 2016 Source: STATEC and CTIE",,"D01: Calculated data, rounded figures",,,0: Zero
LU1:DF_B1100(1.0),C01: Total population,A: Annual,1984-12-31,366100,"C01: The figures by nationality and gender relate to the population of habitual residence, except for the years 1871-1930. Break in series: as from 1821 Source: STATEC. As from 2016 Source: STATEC and CTIE",,"D01: Calculated data, rounded figures",,,0: Zero
LU1:DF_B1100(1.0),C01: Total population,A: Annual,1985-12-31,367100,"C01: The figures by nationality and gender relate to the population of habitual residence, except for the years 1871-1930. Break in series: as from 1821 Source: STATEC. As from 2016 Source: STATEC and CTIE",,"D01: Calculated data, rounded figures",,,0: Zero
LU1:DF_B1100(1.0),C01: Total population,A: Annual,1986-12-31,369400,"C01: The figures by nationality and gender relate to the population of habitual residence, except for the years 1871-1930. Break in series: as from 1821 Source: STATEC. As from 2016 Source: STATEC and CTIE",,"D01: Calculated data, rounded figures",,,0: Zero
LU1:DF_B1100(1.0),C01: Total population,A: Annual,1987-12-31,372000,"C01: The figures by nationality and gender relate to the population of habitual residence, except for the years 1871-1930. Break in series: as from 1821 Source: STATEC. As from 2016 Source: STATEC and CTIE",,"D01: Calculated data, rounded figures",,,0: Zero
LU1:DF_B1100(1.0),C01: Total population,A: Annual,1988-12-31,375800,"C01: The figures by nationality and gender relate to the population of habitual residence, except for the years 1871-1930. Break in series: as from 1821 Source: STATEC. As from 2016 Source: STATEC and CTIE",,"D01: Calculated data, rounded figures",,,0: Zero
LU1:DF_B1100(1.0),C01: Total population,A: Annual,1989-12-31,379300,"C01: The figures by nationality and gender relate to the population of habitual residence, except for the years 1871-1930. Break in series: as from 1821 Source: STATEC. As from 2016 Source: STATEC and CTIE",,"D01: Calculated data, rounded figures",,,0: Zero
LU1:DF_B1100(1.0),C01: Total population,A: Annual,1990-12-31,384400,"C01: The figures by nationality and gender relate to the population of habitual residence, except for the years 1871-1930. Break in series: as from 1821 Source: STATEC. As from 2016 Source: STATEC and CTIE",,"D01: Calculated data, rounded figures",,,0: Zero
LU1:DF_B1100(1.0),C01: Total population,A: Annual,1991-03-01,384634,"C01: The figures by nationality and gender relate to the population of habitual residence, except for the years 1871-1930. Break in series: as from 1821 Source: STATEC. As from 2016 Source: STATEC and CTIE",,,SL01: Data from population census,,0: Zero
LU1:DF_B1100(1.0),C01: Total population,A: Annual,1991-12-31,389600,"C01: The figures by nationality and gender relate to the population of habitual residence, except for the years 1871-1930. Break in series: as from 1821 Source: STATEC. As from 2016 Source: STATEC and CTIE",,"D01: Calculated data, rounded figures",,,0: Zero
LU1:DF_B1100(1.0),C01: Total population,A: Annual,1992-12-31,394800,"C01: The figures by nationality and gender relate to the population of habitual residence, except for the years 1871-1930. Break in series: as from 1821 Source: STATEC. As from 2016 Source: STATEC and CTIE",,"D01: Calculated data, rounded figures",,,0: Zero
LU1:DF_B1100(1.0),C01: Total population,A: Annual,1993-12-31,400200,"C01: The figures by nationality and gender relate to the population of habitual residence, except for the years 1871-1930. Break in series: as from 1821 Source: STATEC. As from 2016 Source: STATEC and CTIE",,"D01: Calculated data, rounded figures",,,0: Zero
LU1:DF_B1100(1.0),C01: Total population,A: Annual,1994-12-31,405700,"C01: The figures by nationality and gender relate to the population of habitual residence, except for the years 1871-1930. Break in series: as from 1821 Source: STATEC. As from 2016 Source: STATEC and CTIE",,"D01: Calculated data, rounded figures",,,0: Zero
LU1:DF_B1100(1.0),C01: Total population,A: Annual,1995-12-31,411600,"C01: The figures by nationality and gender relate to the population of habitual residence, except for the years 1871-1930. Break in series: as from 1821 Source: STATEC. As from 2016 Source: STATEC and CTIE",,"D01: Calculated data, rounded figures",,,0: Zero
LU1:DF_B1100(1.0),C01: Total population,A: Annual,1996-12-31,416900,"C01: The figures by nationality and gender relate to the population of habitual residence, except for the years 1871-1930. Break in series: as from 1821 Source: STATEC. As from 2016 Source: STATEC and CTIE",,"D01: Calculated data, rounded figures",,,0: Zero
LU1:DF_B1100(1.0),C01: Total population,A: Annual,1997-12-31,422100,"C01: The figures by nationality and gender relate to the population of habitual residence, except for the years 1871-1930. Break in series: as from 1821 Source: STATEC. As from 2016 Source: STATEC and CTIE",,"D01: Calculated data, rounded figures",,,0: Zero
LU1:DF_B1100(1.0),C01: Total population,A: Annual,1998-12-31,427400,"C01: The figures by nationality and gender relate to the population of habitual residence, except for the years 1871-1930. Break in series: as from 1821 Source: STATEC. As from 2016 Source: STATEC and CTIE",,"D01: Calculated data, rounded figures",,,0: Zero
LU1:DF_B1100(1.0),C01: Total population,A: Annual,1999-12-31,433600,"C01: The figures by nationality and gender relate to the population of habitual residence, except for the years 1871-1930. Break in series: as from 1821 Source: STATEC. As from 2016 Source: STATEC and CTIE",,"D01: Calculated data, rounded figures",,,0: Zero
LU1:DF_B1100(1.0),C01: Total population,A: Annual,2000-12-31,439000,"C01: The figures by nationality and gender relate to the population of habitual residence, except for the years 1871-1930. Break in series: as from 1821 Source: STATEC. As from 2016 Source: STATEC and CTIE",,"D01: Calculated data, rounded figures",,,0: Zero
LU1:DF_B1100(1.0),C01: Total population,A: Annual,2001-02-15,439539,"C01: The figures by nationality and gender relate to the population of habitual residence, except for the years 1871-1930. Break in series: as from 1821 Source: STATEC. As from 2016 Source: STATEC and CTIE",,,SL01: Data from population census,,0: Zero
LU1:DF_B1100(1.0),C01: Total population,A: Annual,2001-12-31,444000,"C01: The figures by nationality and gender relate to the population of habitual residence, except for the years 1871-1930. Break in series: as from 1821 Source: STATEC. As from 2016 Source: STATEC and CTIE",,"D01: Calculated data, rounded figures",,,0: Zero
LU1:DF_B1100(1.0),C01: Total population,A: Annual,2002-12-31,448300,"C01: The figures by nationality and gender relate to the population of habitual residence, except for the years 1871-1930. Break in series: as from 1821 Source: STATEC. As from 2016 Source: STATEC and CTIE",,"D01: Calculated data, rounded figures",,,0: Zero
LU1:DF_B1100(1.0),C01: Total population,A: Annual,2003-12-31,455000,"C01: The figures by nationality and gender relate to the population of habitual residence, except for the years 1871-1930. Break in series: as from 1821 Source: STATEC. As from 2016 Source: STATEC and CTIE",,"D01: Calculated data, rounded figures",,,0: Zero
LU1:DF_B1100(1.0),C01: Total population,A: Annual,2004-12-31,461200,"C01: The figures by nationality and gender relate to the population of habitual residence, except for the years 1871-1930. Break in series: as from 1821 Source: STATEC. As from 2016 Source: STATEC and CTIE",,"D01: Calculated data, rounded figures",,,0: Zero
LU1:DF_B1100(1.0),C01: Total population,A: Annual,2005-12-31,469100,"C01: The figures by nationality and gender relate to the population of habitual residence, except for the years 1871-1930. Break in series: as from 1821 Source: STATEC. As from 2016 Source: STATEC and CTIE",,"D01: Calculated data, rounded figures",,,0: Zero
LU1:DF_B1100(1.0),C01: Total population,A: Annual,2006-12-31,476200,"C01: The figures by nationality and gender relate to the population of habitual residence, except for the years 1871-1930. Break in series: as from 1821 Source: STATEC. As from 2016 Source: STATEC and CTIE",,"D01: Calculated data, rounded figures",,,0: Zero
LU1:DF_B1100(1.0),C01: Total population,A: Annual,2007-12-31,483800,"C01: The figures by nationality and gender relate to the population of habitual residence, except for the years 1871-1930. Break in series: as from 1821 Source: STATEC. As from 2016 Source: STATEC and CTIE",,"D01: Calculated data, rounded figures",,,0: Zero
LU1:DF_B1100(1.0),C01: Total population,A: Annual,2008-12-31,493500,"C01: The figures by nationality and gender relate to the population of habitual residence, except for the years 1871-1930. Break in series: as from 1821 Source: STATEC. As from 2016 Source: STATEC and CTIE",,"D01: Calculated data, rounded figures",,,0: Zero
LU1:DF_B1100(1.0),C01: Total population,A: Annual,2009-12-31,502100,"C01: The figures by nationality and gender relate to the population of habitual residence, except for the years 1871-1930. Break in series: as from 1821 Source: STATEC. As from 2016 Source: STATEC and CTIE",,"D01: Calculated data, rounded figures",,,0: Zero
LU1:DF_B1100(1.0),C01: Total population,A: Annual,2010-12-31,511800,"C01: The figures by nationality and gender relate to the population of habitual residence, except for the years 1871-1930. Break in series: as from 1821 Source: STATEC. As from 2016 Source: STATEC and CTIE",,"D01: Calculated data, rounded figures",,,0: Zero
LU1:DF_B1100(1.0),C01: Total population,A: Annual,2011-02-01,512353,"C01: The figures by nationality and gender relate to the population of habitual residence, except for the years 1871-1930. Break in series: as from 1821 Source: STATEC. As from 2016 Source: STATEC and CTIE",,,SL01: Data from population census,,0: Zero
LU1:DF_B1100(1.0),C01: Total population,A: Annual,2011-12-31,524900,"C01: The figures by nationality and gender relate to the population of habitual residence, except for the years 1871-1930. Break in series: as from 1821 Source: STATEC. As from 2016 Source: STATEC and CTIE",,"D01: Calculated data, rounded figures",,,0: Zero
LU1:DF_B1100(1.0),C01: Total population,A: Annual,2012-12-31,537000,"C01: The figures by nationality and gender relate to the population of habitual residence, except for the years 1871-1930. Break in series: as from 1821 Source: STATEC. As from 2016 Source: STATEC and CTIE",,"D01: Calculated data, rounded figures",,,0: Zero
LU1:DF_B1100(1.0),C01: Total population,A: Annual,2013-12-31,549700,"C01: The figures by nationality and gender relate to the population of habitual residence, except for the years 1871-1930. Break in series: as from 1821 Source: STATEC. As from 2016 Source: STATEC and CTIE",,"D01: Calculated data, rounded figures",,,0: Zero
LU1:DF_B1100(1.0),C01: Total population,A: Annual,2014-12-31,563000,"C01: The figures by nationality and gender relate to the population of habitual residence, except for the years 1871-1930. Break in series: as from 1821 Source: STATEC. As from 2016 Source: STATEC and CTIE",,"D01: Calculated data, rounded figures",,,0: Zero
LU1:DF_B1100(1.0),C01: Total population,A: Annual,2015-12-31,576200,"C01: The figures by nationality and gender relate to the population of habitual residence, except for the years 1871-1930. Break in series: as from 1821 Source: STATEC. As from 2016 Source: STATEC and CTIE",,"D01: Calculated data, rounded figures",,,0: Zero
LU1:DF_B1100(1.0),C01: Total population,A: Annual,2016-12-31,590667,"C01: The figures by nationality and gender relate to the population of habitual residence, except for the years 1871-1930. Break in series: as from 1821 Source: STATEC. As from 2016 Source: STATEC and CTIE",,,R02: Data from population Register,,0: Zero
LU1:DF_B1100(1.0),C01: Total population,A: Annual,2017-12-31,602005,"C01: The figures by nationality and gender relate to the population of habitual residence, except for the years 1871-1930. Break in series: as from 1821 Source: STATEC. As from 2016 Source: STATEC and CTIE",,,R02: Data from population Register,,0: Zero
LU1:DF_B1100(1.0),C01: Total population,A: Annual,2018-12-31,613894,"C01: The figures by nationality and gender relate to the population of habitual residence, except for the years 1871-1930. Break in series: as from 1821 Source: STATEC. As from 2016 Source: STATEC and CTIE",,,R02: Data from population Register,,0: Zero
LU1:DF_B1100(1.0),C01: Total population,A: Annual,2019-12-31,626108,"C01: The figures by nationality and gender relate to the population of habitual residence, except for the years 1871-1930. Break in series: as from 1821 Source: STATEC. As from 2016 Source: STATEC and CTIE",,,R02: Data from population Register,,0: Zero
LU1:DF_B1100(1.0),C01: Total population,A: Annual,2020-12-31,634730,"C01: The figures by nationality and gender relate to the population of habitual residence, except for the years 1871-1930. Break in series: as from 1821 Source: STATEC. As from 2016 Source: STATEC and CTIE",,,R02: Data from population Register,,0: Zero
LU1:DF_B1100(1.0),C01: Total population,A: Annual,2021-12-31,645397,"C01: The figures by nationality and gender relate to the population of habitual residence, except for the years 1871-1930. Break in series: as from 1821 Source: STATEC. As from 2016 Source: STATEC and CTIE",,,R02: Data from population Register,,0: Zero
LU1:DF_B1100(1.0),C01: Total population,A: Annual,2022-12-31,660809,"C01: The figures by nationality and gender relate to the population of habitual residence, except for the years 1871-1930. Break in series: as from 1821 Source: STATEC. As from 2016 Source: STATEC and CTIE",,,R02: Data from population Register,,0: Zero
LU1:DF_B1100(1.0),C02: Population per km²,A: Annual,1821-01-01,51.8,,,,,,1: One
LU1:DF_B1100(1.0),C02: Population per km²,A: Annual,1839-10-01,67.7,,,,,,1: One
LU1:DF_B1100(1.0),C02: Population per km²,A: Annual,1846-12-03,72,,,,,,1: One
LU1:DF_B1100(1.0),C02: Population per km²,A: Annual,1847-12-31,71.9,,,,,,1: One
LU1:DF_B1100(1.0),C02: Population per km²,A: Annual,1849-12-03,73.4,,,,,,1: One
LU1:DF_B1100(1.0),C02: Population per km²,A: Annual,1851-12-31,75.3,,,,,,1: One
LU1:DF_B1100(1.0),C02: Population per km²,A: Annual,1855-12-03,73.3,,,,,,1: One
LU1:DF_B1100(1.0),C02: Population per km²,A: Annual,1861-12-03,76.5,,,,,,1: One
LU1:DF_B1100(1.0),C02: Population per km²,A: Annual,1864-12-03,78.5,,,,,,1: One
LU1:DF_B1100(1.0),C02: Population per km²,A: Annual,1865-12-31,78.8,,,,,,1: One
LU1:DF_B1100(1.0),C02: Population per km²,A: Annual,1871-12-01,78.9,,,,,,1: One
LU1:DF_B1100(1.0),C02: Population per km²,A: Annual,1875-12-01,79.1,,,,,,1: One
LU1:DF_B1100(1.0),C02: Population per km²,A: Annual,1880-12-01,81.4,,,,,,1: One
LU1:DF_B1100(1.0),C02: Population per km²,A: Annual,1885-12-01,83,,,,,,1: One
LU1:DF_B1100(1.0),C02: Population per km²,A: Annual,1890-12-01,81.8,,,,,,1: One
LU1:DF_B1100(1.0),C02: Population per km²,A: Annual,1895-12-02,84.2,,,,,,1: One
LU1:DF_B1100(1.0),C02: Population per km²,A: Annual,1900-12-01,90.7,,,,,,1: One
LU1:DF_B1100(1.0),C02: Population per km²,A: Annual,1905-12-01,95.1,,,,,,1: One
LU1:DF_B1100(1.0),C02: Population per km²,A: Annual,1910-12-01,100.2,,,,,,1: One
LU1:DF_B1100(1.0),C02: Population per km²,A: Annual,1916-12-01,101.9,,,,,,1: One
LU1:DF_B1100(1.0),C02: Population per km²,A: Annual,1922-12-01,101.2,,,,,,1: One
LU1:DF_B1100(1.0),C02: Population per km²,A: Annual,1927-12-01,110.1,,,,,,1: One
LU1:DF_B1100(1.0),C02: Population per km²,A: Annual,1930-12-31,115.9,,,,,,1: One
LU1:DF_B1100(1.0),C02: Population per km²,A: Annual,1935-12-31,114.8,,,,,,1: One
LU1:DF_B1100(1.0),C02: Population per km²,A: Annual,1947-12-31,112.5,,,,,,1: One
LU1:DF_B1100(1.0),C02: Population per km²,A: Annual,1960-12-31,121.7,,,,,,1: One
LU1:DF_B1100(1.0),C02: Population per km²,A: Annual,1966-12-31,129.4,,,,,,1: One
LU1:DF_B1100(1.0),C02: Population per km²,A: Annual,1970-12-31,131.4,,,,,,1: One
LU1:DF_B1100(1.0),C02: Population per km²,A: Annual,1974-12-31,138.2,,,,,,1: One
LU1:DF_B1100(1.0),C02: Population per km²,A: Annual,1975-12-31,139.4,,,,,,1: One
LU1:DF_B1100(1.0),C02: Population per km²,A: Annual,1976-12-31,136.6,,,,,,1: One
LU1:DF_B1100(1.0),C02: Population per km²,A: Annual,1977-12-31,139.9,,,,,,1: One
LU1:DF_B1100(1.0),C02: Population per km²,A: Annual,1978-12-31,140.1,,,,,,1: One
LU1:DF_B1100(1.0),C02: Population per km²,A: Annual,1979-12-31,140.6,,,,,,1: One
LU1:DF_B1100(1.0),C02: Population per km²,A: Annual,1980-12-31,141.1,,,,,,1: One
LU1:DF_B1100(1.0),C02: Population per km²,A: Annual,1981-03-31,141,,,,,,1: One
LU1:DF_B1100(1.0),C02: Population per km²,A: Annual,1981-12-31,141.4,,,,,,1: One
LU1:DF_B1100(1.0),C02: Population per km²,A: Annual,1982-12-31,141.3,,,,,,1: One
LU1:DF_B1100(1.0),C02: Population per km²,A: Annual,1983-12-31,141.4,,,,,,1: One
LU1:DF_B1100(1.0),C02: Population per km²,A: Annual,1984-12-31,141.6,,,,,,1: One
LU1:DF_B1100(1.0),C02: Population per km²,A: Annual,1985-12-31,142,,,,,,1: One
LU1:DF_B1100(1.0),C02: Population per km²,A: Annual,1986-12-31,142.9,,,,,,1: One
LU1:DF_B1100(1.0),C02: Population per km²,A: Annual,1987-12-31,143.7,,,,,,1: One
LU1:DF_B1100(1.0),C02: Population per km²,A: Annual,1988-12-31,145,,,,,,1: One
LU1:DF_B1100(1.0),C02: Population per km²,A: Annual,1989-12-31,146.3,,,,,,1: One
LU1:DF_B1100(1.0),C02: Population per km²,A: Annual,1990-12-31,148.7,,,,,,1: One
LU1:DF_B1100(1.0),C02: Population per km²,A: Annual,1991-03-01,148.7,,,,,,1: One
LU1:DF_B1100(1.0),C02: Population per km²,A: Annual,1991-12-31,150.6,,,,,,1: One
LU1:DF_B1100(1.0),C02: Population per km²,A: Annual,1992-12-31,152.7,,,,,,1: One
LU1:DF_B1100(1.0),C02: Population per km²,A: Annual,1993-12-31,154.7,,,,,,1: One
LU1:DF_B1100(1.0),C02: Population per km²,A: Annual,1994-12-31,156.9,,,,,,1: One
LU1:DF_B1100(1.0),C02: Population per km²,A: Annual,1995-12-31,170.8,,,,,,1: One
LU1:DF_B1100(1.0),C02: Population per km²,A: Annual,1996-12-31,161.2,,,,,,1: One
LU1:DF_B1100(1.0),C02: Population per km²,A: Annual,1997-12-31,163.2,,,,,,1: One
LU1:DF_B1100(1.0),C02: Population per km²,A: Annual,1998-12-31,165.3,,,,,,1: One
LU1:DF_B1100(1.0),C02: Population per km²,A: Annual,1999-12-31,167.7,,,,,,1: One
LU1:DF_B1100(1.0),C02: Population per km²,A: Annual,2000-12-31,169.8,,,,,,1: One
LU1:DF_B1100(1.0),C02: Population per km²,A: Annual,2001-02-15,170,,,,,,1: One
LU1:DF_B1100(1.0),C02: Population per km²,A: Annual,2001-12-31,171.7,,,,,,1: One
LU1:DF_B1100(1.0),C02: Population per km²,A: Annual,2002-12-31,173.3,,,,,,1: One
LU1:DF_B1100(1.0),C02: Population per km²,A: Annual,2003-12-31,175.9,,,,,,1: One
LU1:DF_B1100(1.0),C02: Population per km²,A: Annual,2004-12-31,178.3,,,,,,1: One
LU1:DF_B1100(1.0),C02: Population per km²,A: Annual,2005-12-31,181.4,,,,,,1: One
LU1:DF_B1100(1.0),C02: Population per km²,A: Annual,2006-12-31,184.1,,,,,,1: One
LU1:DF_B1100(1.0),C02: Population per km²,A: Annual,2007-12-31,187.1,,,,,,1: One
LU1:DF_B1100(1.0),C02: Population per km²,A: Annual,2008-12-31,191.5,,,,,,1: One
LU1:DF_B1100(1.0),C02: Population per km²,A: Annual,2009-12-31,194.2,,,,,,1: One
LU1:DF_B1100(1.0),C02: Population per km²,A: Annual,2010-12-31,197.9,,,,,,1: One
LU1:DF_B1100(1.0),C02: Population per km²,A: Annual,2011-02-01,198.1,,,,,,1: One
LU1:DF_B1100(1.0),C02: Population per km²,A: Annual,2011-12-31,202.9,,,,,,1: One
LU1:DF_B1100(1.0),C02: Population per km²,A: Annual,2012-12-31,207.6,,,,,,1: One
LU1:DF_B1100(1.0),C02: Population per km²,A: Annual,2013-12-31,212.5,,,,,,1: One
LU1:DF_B1100(1.0),C02: Population per km²,A: Annual,2014-12-31,217.7,,,,,,1: One
LU1:DF_B1100(1.0),C02: Population per km²,A: Annual,2015-12-31,222.8,,,,,,1: One
LU1:DF_B1100(1.0),C02: Population per km²,A: Annual,2016-12-31,228.4,,,,,,1: One
LU1:DF_B1100(1.0),C02: Population per km²,A: Annual,2017-12-31,232.7,,,,,,1: One
LU1:DF_B1100(1.0),C02: Population per km²,A: Annual,2018-12-31,237.4,,,,,,1: One
LU1:DF_B1100(1.0),C02: Population per km²,A: Annual,2019-12-31,242.1,,,,,,1: One
LU1:DF_B1100(1.0),C02: Population per km²,A: Annual,2020-12-31,245.4,,,,,,1: One
LU1:DF_B1100(1.0),C02: Population per km²,A: Annual,2021-12-31,249.5,,,,,,1: One
LU1:DF_B1100(1.0),C02: Population per km²,A: Annual,2022-12-31,255.49,,,,,,1: One
LU1:DF_B1100(1.0),C03: Total males,A: Annual,1821-01-01,,,,,,l: Not available,0: Zero
LU1:DF_B1100(1.0),C03: Total males,A: Annual,1839-10-01,,,,,,l: Not available,0: Zero
LU1:DF_B1100(1.0),C03: Total males,A: Annual,1846-12-03,,,,,,l: Not available,0: Zero
LU1:DF_B1100(1.0),C03: Total males,A: Annual,1847-12-31,,,,,,l: Not available,0: Zero
LU1:DF_B1100(1.0),C03: Total males,A: Annual,1849-12-03,,,,,,l: Not available,0: Zero
LU1:DF_B1100(1.0),C03: Total males,A: Annual,1851-12-31,,,,,,l: Not available,0: Zero
LU1:DF_B1100(1.0),C03: Total males,A: Annual,1855-12-03,,,,,,l: Not available,0: Zero
LU1:DF_B1100(1.0),C03: Total males,A: Annual,1861-12-03,,,,,,l: Not available,0: Zero
LU1:DF_B1100(1.0),C03: Total males,A: Annual,1864-12-03,,,,,,l: Not available,0: Zero
LU1:DF_B1100(1.0),C03: Total males,A: Annual,1865-12-31,,,,,,l: Not available,0: Zero
LU1:DF_B1100(1.0),C03: Total males,A: Annual,1871-12-01,98245,,,,SL01: Data from population census,,0: Zero
LU1:DF_B1100(1.0),C03: Total males,A: Annual,1875-12-01,103109,,,,SL01: Data from population census,,0: Zero
LU1:DF_B1100(1.0),C03: Total males,A: Annual,1880-12-01,105080,,,,SL01: Data from population census,,0: Zero
LU1:DF_B1100(1.0),C03: Total males,A: Annual,1885-12-01,107142,,,,SL01: Data from population census,,0: Zero
LU1:DF_B1100(1.0),C03: Total males,A: Annual,1890-12-01,105419,,,,SL01: Data from population census,,0: Zero
LU1:DF_B1100(1.0),C03: Total males,A: Annual,1895-12-02,109282,,,,SL01: Data from population census,,0: Zero
LU1:DF_B1100(1.0),C03: Total males,A: Annual,1900-12-01,121593,,,,SL01: Data from population census,,0: Zero
LU1:DF_B1100(1.0),C03: Total males,A: Annual,1905-12-01,126220,,,,SL01: Data from population census,,0: Zero
LU1:DF_B1100(1.0),C03: Total males,A: Annual,1910-12-01,134101,,,,SL01: Data from population census,,0: Zero
LU1:DF_B1100(1.0),C03: Total males,A: Annual,1916-12-01,130514,,,,SL01: Data from population census,,0: Zero
LU1:DF_B1100(1.0),C03: Total males,A: Annual,1922-12-01,132023,,,,SL01: Data from population census,,0: Zero
LU1:DF_B1100(1.0),C03: Total males,A: Annual,1927-12-01,147597,,,,SL01: Data from population census,,0: Zero
LU1:DF_B1100(1.0),C03: Total males,A: Annual,1930-12-31,154405,,,,SL01: Data from population census,,0: Zero
LU1:DF_B1100(1.0),C03: Total males,A: Annual,1935-12-31,149429,,,,SL01: Data from population census,,0: Zero
LU1:DF_B1100(1.0),C03: Total males,A: Annual,1947-12-31,145096,,,,SL01: Data from population census,,0: Zero
LU1:DF_B1100(1.0),C03: Total males,A: Annual,1960-12-31,155481,,,,SL01: Data from population census,,0: Zero
LU1:DF_B1100(1.0),C03: Total males,A: Annual,1966-12-31,164575,,,,SL01: Data from population census,,0: Zero
LU1:DF_B1100(1.0),C03: Total males,A: Annual,1970-12-31,166550,,,,SL01: Data from population census,,0: Zero
LU1:DF_B1100(1.0),C03: Total males,A: Annual,1974-12-31,177200,,,"D01: Calculated data, rounded figures",,,0: Zero
LU1:DF_B1100(1.0),C03: Total males,A: Annual,1975-12-31,178900,,,"D01: Calculated data, rounded figures",,,0: Zero
LU1:DF_B1100(1.0),C03: Total males,A: Annual,1976-12-31,178500,,,"D01: Calculated data, rounded figures",,,0: Zero
LU1:DF_B1100(1.0),C03: Total males,A: Annual,1977-12-31,178400,,,"D01: Calculated data, rounded figures",,,0: Zero
LU1:DF_B1100(1.0),C03: Total males,A: Annual,1978-12-31,178300,,,"D01: Calculated data, rounded figures",,,0: Zero
LU1:DF_B1100(1.0),C03: Total males,A: Annual,1979-12-31,178000,,,"D01: Calculated data, rounded figures",,,0: Zero
LU1:DF_B1100(1.0),C03: Total males,A: Annual,1980-12-31,178300,,,"D01: Calculated data, rounded figures",,,0: Zero
LU1:DF_B1100(1.0),C03: Total males,A: Annual,1981-03-31,177869,,,,SL01: Data from population census,,0: Zero
LU1:DF_B1100(1.0),C03: Total males,A: Annual,1981-12-31,178000,,,"D01: Calculated data, rounded figures",,,0: Zero
LU1:DF_B1100(1.0),C03: Total males,A: Annual,1982-12-31,177700,,,"D01: Calculated data, rounded figures",,,0: Zero
LU1:DF_B1100(1.0),C03: Total males,A: Annual,1983-12-31,177600,,,"D01: Calculated data, rounded figures",,,0: Zero
LU1:DF_B1100(1.0),C03: Total males,A: Annual,1984-12-31,178000,,,"D01: Calculated data, rounded figures",,,0: Zero
LU1:DF_B1100(1.0),C03: Total males,A: Annual,1985-12-31,178500,,,"D01: Calculated data, rounded figures",,,0: Zero
LU1:DF_B1100(1.0),C03: Total males,A: Annual,1986-12-31,179500,,,"D01: Calculated data, rounded figures",,,0: Zero
LU1:DF_B1100(1.0),C03: Total males,A: Annual,1987-12-31,181100,,,"D01: Calculated data, rounded figures",,,0: Zero
LU1:DF_B1100(1.0),C03: Total males,A: Annual,1988-12-31,183300,,,"D01: Calculated data, rounded figures",,,0: Zero
LU1:DF_B1100(1.0),C03: Total males,A: Annual,1989-12-31,185400,,,"D01: Calculated data, rounded figures",,,0: Zero
LU1:DF_B1100(1.0),C03: Total males,A: Annual,1990-12-31,188300,,,"D01: Calculated data, rounded figures",,,0: Zero
LU1:DF_B1100(1.0),C03: Total males,A: Annual,1991-03-01,188570,,,,SL01: Data from population census,,0: Zero
LU1:DF_B1100(1.0),C03: Total males,A: Annual,1991-12-31,191200,,,"D01: Calculated data, rounded figures",,,0: Zero
LU1:DF_B1100(1.0),C03: Total males,A: Annual,1992-12-31,193900,,,"D01: Calculated data, rounded figures",,,0: Zero
LU1:DF_B1100(1.0),C03: Total males,A: Annual,1993-12-31,196600,,,"D01: Calculated data, rounded figures",,,0: Zero
LU1:DF_B1100(1.0),C03: Total males,A: Annual,1994-12-31,199200,,,"D01: Calculated data, rounded figures",,,0: Zero
LU1:DF_B1100(1.0),C03: Total males,A: Annual,1995-12-31,202000,,,"D01: Calculated data, rounded figures",,,0: Zero
LU1:DF_B1100(1.0),C03: Total males,A: Annual,1996-12-31,204700,,,"D01: Calculated data, rounded figures",,,0: Zero
LU1:DF_B1100(1.0),C03: Total males,A: Annual,1997-12-31,207400,,,"D01: Calculated data, rounded figures",,,0: Zero
LU1:DF_B1100(1.0),C03: Total males,A: Annual,1998-12-31,210400,,,"D01: Calculated data, rounded figures",,,0: Zero
LU1:DF_B1100(1.0),C03: Total males,A: Annual,1999-12-31,213600,,,"D01: Calculated data, rounded figures",,,0: Zero
LU1:DF_B1100(1.0),C03: Total males,A: Annual,2000-12-31,216600,,,"D01: Calculated data, rounded figures",,,0: Zero
LU1:DF_B1100(1.0),C03: Total males,A: Annual,2001-02-15,216540,,,,SL01: Data from population census,,0: Zero
LU1:DF_B1100(1.0),C03: Total males,A: Annual,2001-12-31,218800,,,"D01: Calculated data, rounded figures",,,0: Zero
LU1:DF_B1100(1.0),C03: Total males,A: Annual,2002-12-31,221000,,,"D01: Calculated data, rounded figures",,,0: Zero
LU1:DF_B1100(1.0),C03: Total males,A: Annual,2003-12-31,224700,,,"D01: Calculated data, rounded figures",,,0: Zero
LU1:DF_B1100(1.0),C03: Total males,A: Annual,2004-12-31,228100,,,"D01: Calculated data, rounded figures",,,0: Zero
LU1:DF_B1100(1.0),C03: Total males,A: Annual,2005-12-31,232100,,,"D01: Calculated data, rounded figures",,,0: Zero
LU1:DF_B1100(1.0),C03: Total males,A: Annual,2006-12-31,235800,,,"D01: Calculated data, rounded figures",,,0: Zero
LU1:DF_B1100(1.0),C03: Total males,A: Annual,2007-12-31,239600,,,"D01: Calculated data, rounded figures",,,0: Zero
LU1:DF_B1100(1.0),C03: Total males,A: Annual,2008-12-31,244800,,,"D01: Calculated data, rounded figures",,,0: Zero
LU1:DF_B1100(1.0),C03: Total males,A: Annual,2009-12-31,249400,,,"D01: Calculated data, rounded figures",,,0: Zero
LU1:DF_B1100(1.0),C03: Total males,A: Annual,2010-12-31,254600,,,"D01: Calculated data, rounded figures",,,0: Zero
LU1:DF_B1100(1.0),C03: Total males,A: Annual,2011-02-01,254967,,,,SL01: Data from population census,,0: Zero
LU1:DF_B1100(1.0),C03: Total males,A: Annual,2011-12-31,261800,,,"D01: Calculated data, rounded figures",,,0: Zero
LU1:DF_B1100(1.0),C03: Total males,A: Annual,2012-12-31,268400,,,"D01: Calculated data, rounded figures",,,0: Zero
LU1:DF_B1100(1.0),C03: Total males,A: Annual,2013-12-31,275100,,,"D01: Calculated data, rounded figures",,,0: Zero
LU1:DF_B1100(1.0),C03: Total males,A: Annual,2014-12-31,282000,,,"D01: Calculated data, rounded figures",,,0: Zero
LU1:DF_B1100(1.0),C03: Total males,A: Annual,2015-12-31,289200,,,"D01: Calculated data, rounded figures",,,0: Zero
LU1:DF_B1100(1.0),C03: Total males,A: Annual,2016-12-31,296641,,,,R02: Data from population Register,,0: Zero
LU1:DF_B1100(1.0),C03: Total males,A: Annual,2017-12-31,302580,,,,R02: Data from population Register,,0: Zero
LU1:DF_B1100(1.0),C03: Total males,A: Annual,2018-12-31,308720,,,,R02: Data from population Register,,0: Zero
LU1:DF_B1100(1.0),C03: Total males,A: Annual,2019-12-31,314964,,,,R02: Data from population Register,,0: Zero
LU1:DF_B1100(1.0),C03: Total males,A: Annual,2020-12-31,319456,,,,R02: Data from population Register,,0: Zero
LU1:DF_B1100(1.0),C03: Total males,A: Annual,2021-12-31,325064,,,,R02: Data from population Register,,0: Zero
LU1:DF_B1100(1.0),C03: Total males,A: Annual,2022-12-31,332444,,,,R02: Data from population Register,,0: Zero
LU1:DF_B1100(1.0),C04: Luxembourgish males,A: Annual,1821-01-01,,,,,,l: Not available,0: Zero
LU1:DF_B1100(1.0),C04: Luxembourgish males,A: Annual,1839-10-01,,,,,,l: Not available,0: Zero
LU1:DF_B1100(1.0),C04: Luxembourgish males,A: Annual,1846-12-03,,,,,,l: Not available,0: Zero
LU1:DF_B1100(1.0),C04: Luxembourgish males,A: Annual,1847-12-31,,,,,,l: Not available,0: Zero
LU1:DF_B1100(1.0),C04: Luxembourgish males,A: Annual,1849-12-03,,,,,,l: Not available,0: Zero
LU1:DF_B1100(1.0),C04: Luxembourgish males,A: Annual,1851-12-31,,,,,,l: Not available,0: Zero
LU1:DF_B1100(1.0),C04: Luxembourgish males,A: Annual,1855-12-03,,,,,,l: Not available,0: Zero
LU1:DF_B1100(1.0),C04: Luxembourgish males,A: Annual,1861-12-03,,,,,,l: Not available,0: Zero
LU1:DF_B1100(1.0),C04: Luxembourgish males,A: Annual,1864-12-03,,,,,,l: Not available,0: Zero
LU1:DF_B1100(1.0),C04: Luxembourgish males,A: Annual,1865-12-31,,,,,,l: Not available,0: Zero
LU1:DF_B1100(1.0),C04: Luxembourgish males,A: Annual,1871-12-01,94632,,,,SL01: Data from population census,,0: Zero
LU1:DF_B1100(1.0),C04: Luxembourgish males,A: Annual,1875-12-01,99364,,,,SL01: Data from population census,,0: Zero
LU1:DF_B1100(1.0),C04: Luxembourgish males,A: Annual,1880-12-01,98006,,,,SL01: Data from population census,,0: Zero
LU1:DF_B1100(1.0),C04: Luxembourgish males,A: Annual,1885-12-01,98090,,,,SL01: Data from population census,,0: Zero
LU1:DF_B1100(1.0),C04: Luxembourgish males,A: Annual,1890-12-01,95777,,,,SL01: Data from population census,,0: Zero
LU1:DF_B1100(1.0),C04: Luxembourgish males,A: Annual,1895-12-02,98033,,,,SL01: Data from population census,,0: Zero
LU1:DF_B1100(1.0),C04: Luxembourgish males,A: Annual,1900-12-01,103188,,,,SL01: Data from population census,,0: Zero
LU1:DF_B1100(1.0),C04: Luxembourgish males,A: Annual,1905-12-01,106630,,,,SL01: Data from population census,,0: Zero
LU1:DF_B1100(1.0),C04: Luxembourgish males,A: Annual,1910-12-01,109967,,,,SL01: Data from population census,,0: Zero
LU1:DF_B1100(1.0),C04: Luxembourgish males,A: Annual,1916-12-01,,,,,,l: Not available,0: Zero
LU1:DF_B1100(1.0),C04: Luxembourgish males,A: Annual,1922-12-01,113878,,,,SL01: Data from population census,,0: Zero
LU1:DF_B1100(1.0),C04: Luxembourgish males,A: Annual,1927-12-01,119185,,,,SL01: Data from population census,,0: Zero
LU1:DF_B1100(1.0),C04: Luxembourgish males,A: Annual,1930-12-31,123023,,,,SL01: Data from population census,,0: Zero
LU1:DF_B1100(1.0),C04: Luxembourgish males,A: Annual,1935-12-31,129083,,,,SL01: Data from population census,,0: Zero
LU1:DF_B1100(1.0),C04: Luxembourgish males,A: Annual,1947-12-31,129686,,,,SL01: Data from population census,,0: Zero
LU1:DF_B1100(1.0),C04: Luxembourgish males,A: Annual,1960-12-31,134265,,,,SL01: Data from population census,,0: Zero
LU1:DF_B1100(1.0),C04: Luxembourgish males,A: Annual,1966-12-31,135920,,,,SL01: Data from population census,,0: Zero
LU1:DF_B1100(1.0),C04: Luxembourgish males,A: Annual,1970-12-31,135045,,,,SL01: Data from population census,,0: Zero
LU1:DF_B1100(1.0),C04: Luxembourgish males,A: Annual,1974-12-31,,,,,,l: Not available,0: Zero
LU1:DF_B1100(1.0),C04: Luxembourgish males,A: Annual,1975-12-31,,,,,,l: Not available,0: Zero
LU1:DF_B1100(1.0),C04: Luxembourgish males,A: Annual,1976-12-31,,,,,,l: Not available,0: Zero
LU1:DF_B1100(1.0),C04: Luxembourgish males,A: Annual,1977-12-31,,,,,,l: Not available,0: Zero
LU1:DF_B1100(1.0),C04: Luxembourgish males,A: Annual,1978-12-31,,,,,,l: Not available,0: Zero
LU1:DF_B1100(1.0),C04: Luxembourgish males,A: Annual,1979-12-31,,,,,,l: Not available,0: Zero
LU1:DF_B1100(1.0),C04: Luxembourgish males,A: Annual,1980-12-31,,,,,,l: Not available,0: Zero
LU1:DF_B1100(1.0),C04: Luxembourgish males,A: Annual,1981-03-31,129797,,,,SL01: Data from population census,,0: Zero
LU1:DF_B1100(1.0),C04: Luxembourgish males,A: Annual,1981-12-31,,,,,,l: Not available,0: Zero
LU1:DF_B1100(1.0),C04: Luxembourgish males,A: Annual,1982-12-31,,,,,,l: Not available,0: Zero
LU1:DF_B1100(1.0),C04: Luxembourgish males,A: Annual,1983-12-31,,,,,,l: Not available,0: Zero
LU1:DF_B1100(1.0),C04: Luxembourgish males,A: Annual,1984-12-31,,,,,,l: Not available,0: Zero
LU1:DF_B1100(1.0),C04: Luxembourgish males,A: Annual,1985-12-31,,,,,,l: Not available,0: Zero
LU1:DF_B1100(1.0),C04: Luxembourgish males,A: Annual,1986-12-31,,,,,,l: Not available,0: Zero
LU1:DF_B1100(1.0),C04: Luxembourgish males,A: Annual,1987-12-31,,,,,,l: Not available,0: Zero
LU1:DF_B1100(1.0),C04: Luxembourgish males,A: Annual,1988-12-31,,,,,,l: Not available,0: Zero
LU1:DF_B1100(1.0),C04: Luxembourgish males,A: Annual,1989-12-31,,,,,,l: Not available,0: Zero
LU1:DF_B1100(1.0),C04: Luxembourgish males,A: Annual,1990-12-31,,,,,,l: Not available,0: Zero
LU1:DF_B1100(1.0),C04: Luxembourgish males,A: Annual,1991-03-01,130592,,,,SL01: Data from population census,,0: Zero
LU1:DF_B1100(1.0),C04: Luxembourgish males,A: Annual,1991-12-31,,,,,,l: Not available,0: Zero
LU1:DF_B1100(1.0),C04: Luxembourgish males,A: Annual,1992-12-31,,,,,,l: Not available,0: Zero
LU1:DF_B1100(1.0),C04: Luxembourgish males,A: Annual,1993-12-31,,,,,,l: Not available,0: Zero
LU1:DF_B1100(1.0),C04: Luxembourgish males,A: Annual,1994-12-31,,,,,,l: Not available,0: Zero
LU1:DF_B1100(1.0),C04: Luxembourgish males,A: Annual,1995-12-31,,,,,,l: Not available,0: Zero
LU1:DF_B1100(1.0),C04: Luxembourgish males,A: Annual,1996-12-31,,,,,,l: Not available,0: Zero
LU1:DF_B1100(1.0),C04: Luxembourgish males,A: Annual,1997-12-31,,,,,,l: Not available,0: Zero
LU1:DF_B1100(1.0),C04: Luxembourgish males,A: Annual,1998-12-31,,,,,,l: Not available,0: Zero
LU1:DF_B1100(1.0),C04: Luxembourgish males,A: Annual,1999-12-31,,,,,,l: Not available,0: Zero
LU1:DF_B1100(1.0),C04: Luxembourgish males,A: Annual,2000-12-31,,,,,,l: Not available,0: Zero
LU1:DF_B1100(1.0),C04: Luxembourgish males,A: Annual,2001-02-15,135373,,,,SL01: Data from population census,,0: Zero
LU1:DF_B1100(1.0),C04: Luxembourgish males,A: Annual,2001-12-31,,,,,,l: Not available,0: Zero
LU1:DF_B1100(1.0),C04: Luxembourgish males,A: Annual,2002-12-31,,,,,,l: Not available,0: Zero
LU1:DF_B1100(1.0),C04: Luxembourgish males,A: Annual,2003-12-31,,,,,,l: Not available,0: Zero
LU1:DF_B1100(1.0),C04: Luxembourgish males,A: Annual,2004-12-31,,,,,,l: Not available,0: Zero
LU1:DF_B1100(1.0),C04: Luxembourgish males,A: Annual,2005-12-31,,,,,,l: Not available,0: Zero
LU1:DF_B1100(1.0),C04: Luxembourgish males,A: Annual,2006-12-31,,,,,,l: Not available,0: Zero
LU1:DF_B1100(1.0),C04: Luxembourgish males,A: Annual,2007-12-31,,,,,,l: Not available,0: Zero
LU1:DF_B1100(1.0),C04: Luxembourgish males,A: Annual,2008-12-31,,,,,,l: Not available,0: Zero
LU1:DF_B1100(1.0),C04: Luxembourgish males,A: Annual,2009-12-31,,,,,,l: Not available,0: Zero
LU1:DF_B1100(1.0),C04: Luxembourgish males,A: Annual,2010-12-31,,,,,,l: Not available,0: Zero
LU1:DF_B1100(1.0),C04: Luxembourgish males,A: Annual,2011-02-01,143151,,,,SL01: Data from population census,,0: Zero
LU1:DF_B1100(1.0),C04: Luxembourgish males,A: Annual,2011-12-31,,,,,,l: Not available,0: Zero
LU1:DF_B1100(1.0),C04: Luxembourgish males,A: Annual,2012-12-31,,,,,,l: Not available,0: Zero
LU1:DF_B1100(1.0),C04: Luxembourgish males,A: Annual,2013-12-31,,,,,,l: Not available,0: Zero
LU1:DF_B1100(1.0),C04: Luxembourgish males,A: Annual,2014-12-31,,,,,,l: Not available,0: Zero
LU1:DF_B1100(1.0),C04: Luxembourgish males,A: Annual,2015-12-31,,,,,,l: Not available,0: Zero
LU1:DF_B1100(1.0),C04: Luxembourgish males,A: Annual,2016-12-31,151932,,,,R02: Data from population Register,,0: Zero
LU1:DF_B1100(1.0),C04: Luxembourgish males,A: Annual,2017-12-31,154304,,,,R02: Data from population Register,,0: Zero
LU1:DF_B1100(1.0),C04: Luxembourgish males,A: Annual,2018-12-31,158708,,,,R02: Data from population Register,,0: Zero
LU1:DF_B1100(1.0),C04: Luxembourgish males,A: Annual,2019-12-31,162267,,,,R02: Data from population Register,,0: Zero
LU1:DF_B1100(1.0),C04: Luxembourgish males,A: Annual,2020-12-31,165056,,,,R02: Data from population Register,,0: Zero
LU1:DF_B1100(1.0),C04: Luxembourgish males,A: Annual,2021-12-31,168014,,,,R02: Data from population Register,,0: Zero
LU1:DF_B1100(1.0),C04: Luxembourgish males,A: Annual,2022-12-31,171126,,,,R02: Data from population Register,,0: Zero
LU1:DF_B1100(1.0),C07: Luxembourgish females,A: Annual,1821-01-01,,,,,,l: Not available,0: Zero
LU1:DF_B1100(1.0),C07: Luxembourgish females,A: Annual,1839-10-01,,,,,,l: Not available,0: Zero
LU1:DF_B1100(1.0),C07: Luxembourgish females,A: Annual,1846-12-03,,,,,,l: Not available,0: Zero
LU1:DF_B1100(1.0),C07: Luxembourgish females,A: Annual,1847-12-31,,,,,,l: Not available,0: Zero
LU1:DF_B1100(1.0),C07: Luxembourgish females,A: Annual,1849-12-03,,,,,,l: Not available,0: Zero
LU1:DF_B1100(1.0),C07: Luxembourgish females,A: Annual,1851-12-31,,,,,,l: Not available,0: Zero
LU1:DF_B1100(1.0),C07: Luxembourgish females,A: Annual,1855-12-03,,,,,,l: Not available,0: Zero
LU1:DF_B1100(1.0),C07: Luxembourgish females,A: Annual,1861-12-03,,,,,,l: Not available,0: Zero
LU1:DF_B1100(1.0),C07: Luxembourgish females,A: Annual,1864-12-03,,,,,,l: Not available,0: Zero
LU1:DF_B1100(1.0),C07: Luxembourgish females,A: Annual,1865-12-31,,,,,,l: Not available,0: Zero
LU1:DF_B1100(1.0),C07: Luxembourgish females,A: Annual,1871-12-01,97024,,,,SL01: Data from population census,,0: Zero
LU1:DF_B1100(1.0),C07: Luxembourgish females,A: Annual,1875-12-01,99899,,,,SL01: Data from population census,,0: Zero
LU1:DF_B1100(1.0),C07: Luxembourgish females,A: Annual,1880-12-01,99021,,,,SL01: Data from population census,,0: Zero
LU1:DF_B1100(1.0),C07: Luxembourgish females,A: Annual,1885-12-01,99044,,,,SL01: Data from population census,,0: Zero
LU1:DF_B1100(1.0),C07: Luxembourgish females,A: Annual,1890-12-01,97321,,,,SL01: Data from population census,,0: Zero
LU1:DF_B1100(1.0),C07: Luxembourgish females,A: Annual,1895-12-02,99524,,,,SL01: Data from population census,,0: Zero
LU1:DF_B1100(1.0),C07: Luxembourgish females,A: Annual,1900-12-01,103768,,,,SL01: Data from population census,,0: Zero
LU1:DF_B1100(1.0),C07: Luxembourgish females,A: Annual,1905-12-01,107486,,,,SL01: Data from population census,,0: Zero
LU1:DF_B1100(1.0),C07: Luxembourgish females,A: Annual,1910-12-01,110201,,,,SL01: Data from population census,,0: Zero
LU1:DF_B1100(1.0),C07: Luxembourgish females,A: Annual,1916-12-01,,,,,,l: Not available,0: Zero
LU1:DF_B1100(1.0),C07: Luxembourgish females,A: Annual,1922-12-01,113453,,,,SL01: Data from population census,,0: Zero
LU1:DF_B1100(1.0),C07: Luxembourgish females,A: Annual,1927-12-01,118006,,,,SL01: Data from population census,,0: Zero
LU1:DF_B1100(1.0),C07: Luxembourgish females,A: Annual,1930-12-31,121139,,,,SL01: Data from population census,,0: Zero
LU1:DF_B1100(1.0),C07: Luxembourgish females,A: Annual,1935-12-31,129461,,,,SL01: Data from population census,,0: Zero
LU1:DF_B1100(1.0),C07: Luxembourgish females,A: Annual,1947-12-31,132164,,,,SL01: Data from population census,,0: Zero
LU1:DF_B1100(1.0),C07: Luxembourgish females,A: Annual,1960-12-31,139108,,,,SL01: Data from population census,,0: Zero
LU1:DF_B1100(1.0),C07: Luxembourgish females,A: Annual,1966-12-31,142137,,,,SL01: Data from population census,,0: Zero
LU1:DF_B1100(1.0),C07: Luxembourgish females,A: Annual,1970-12-31,142292,,,,SL01: Data from population census,,0: Zero
LU1:DF_B1100(1.0),C07: Luxembourgish females,A: Annual,1974-12-31,,,,,,l: Not available,0: Zero
LU1:DF_B1100(1.0),C07: Luxembourgish females,A: Annual,1975-12-31,,,,,,l: Not available,0: Zero
LU1:DF_B1100(1.0),C07: Luxembourgish females,A: Annual,1976-12-31,,,,,,l: Not available,0: Zero
LU1:DF_B1100(1.0),C07: Luxembourgish females,A: Annual,1977-12-31,,,,,,l: Not available,0: Zero
LU1:DF_B1100(1.0),C07: Luxembourgish females,A: Annual,1978-12-31,,,,,,l: Not available,0: Zero
LU1:DF_B1100(1.0),C07: Luxembourgish females,A: Annual,1979-12-31,,,,,,l: Not available,0: Zero
LU1:DF_B1100(1.0),C07: Luxembourgish females,A: Annual,1980-12-31,,,,,,l: Not available,0: Zero
LU1:DF_B1100(1.0),C07: Luxembourgish females,A: Annual,1981-03-31,139016,,,,SL01: Data from population census,,0: Zero
LU1:DF_B1100(1.0),C07: Luxembourgish females,A: Annual,1981-12-31,,,,,,l: Not available,0: Zero
LU1:DF_B1100(1.0),C07: Luxembourgish females,A: Annual,1982-12-31,,,,,,l: Not available,0: Zero
LU1:DF_B1100(1.0),C07: Luxembourgish females,A: Annual,1983-12-31,,,,,,l: Not available,0: Zero
LU1:DF_B1100(1.0),C07: Luxembourgish females,A: Annual,1984-12-31,,,,,,l: Not available,0: Zero
LU1:DF_B1100(1.0),C07: Luxembourgish females,A: Annual,1985-12-31,,,,,,l: Not available,0: Zero
LU1:DF_B1100(1.0),C07: Luxembourgish females,A: Annual,1986-12-31,,,,,,l: Not available,0: Zero
LU1:DF_B1100(1.0),C07: Luxembourgish females,A: Annual,1987-12-31,,,,,,l: Not available,0: Zero
LU1:DF_B1100(1.0),C07: Luxembourgish females,A: Annual,1988-12-31,,,,,,l: Not available,0: Zero
LU1:DF_B1100(1.0),C07: Luxembourgish females,A: Annual,1989-12-31,,,,,,l: Not available,0: Zero
LU1:DF_B1100(1.0),C07: Luxembourgish females,A: Annual,1990-12-31,,,,,,l: Not available,0: Zero
LU1:DF_B1100(1.0),C07: Luxembourgish females,A: Annual,1991-03-01,138677,,,,SL01: Data from population census,,0: Zero
LU1:DF_B1100(1.0),C07: Luxembourgish females,A: Annual,1991-12-31,,,,,,l: Not available,0: Zero
LU1:DF_B1100(1.0),C07: Luxembourgish females,A: Annual,1992-12-31,,,,,,l: Not available,0: Zero
LU1:DF_B1100(1.0),C07: Luxembourgish females,A: Annual,1993-12-31,,,,,,l: Not available,0: Zero
LU1:DF_B1100(1.0),C07: Luxembourgish females,A: Annual,1994-12-31,,,,,,l: Not available,0: Zero
LU1:DF_B1100(1.0),C07: Luxembourgish females,A: Annual,1995-12-31,,,,,,l: Not available,0: Zero
LU1:DF_B1100(1.0),C07: Luxembourgish females,A: Annual,1996-12-31,,,,,,l: Not available,0: Zero
LU1:DF_B1100(1.0),C07: Luxembourgish females,A: Annual,1997-12-31,,,,,,l: Not available,0: Zero
LU1:DF_B1100(1.0),C07: Luxembourgish females,A: Annual,1998-12-31,,,,,,l: Not available,0: Zero
LU1:DF_B1100(1.0),C07: Luxembourgish females,A: Annual,1999-12-31,,,,,,l: Not available,0: Zero
LU1:DF_B1100(1.0),C07: Luxembourgish females,A: Annual,2000-12-31,,,,,,l: Not available,0: Zero
LU1:DF_B1100(1.0),C07: Luxembourgish females,A: Annual,2001-02-15,141881,,,,SL01: Data from population census,,0: Zero
LU1:DF_B1100(1.0),C07: Luxembourgish females,A: Annual,2001-12-31,,,,,,l: Not available,0: Zero
LU1:DF_B1100(1.0),C07: Luxembourgish females,A: Annual,2002-12-31,,,,,,l: Not available,0: Zero
LU1:DF_B1100(1.0),C07: Luxembourgish females,A: Annual,2003-12-31,,,,,,l: Not available,0: Zero
LU1:DF_B1100(1.0),C07: Luxembourgish females,A: Annual,2004-12-31,,,,,,l: Not available,0: Zero
LU1:DF_B1100(1.0),C07: Luxembourgish females,A: Annual,2005-12-31,,,,,,l: Not available,0: Zero
LU1:DF_B1100(1.0),C07: Luxembourgish females,A: Annual,2006-12-31,,,,,,l: Not available,0: Zero
LU1:DF_B1100(1.0),C07: Luxembourgish females,A: Annual,2007-12-31,,,,,,l: Not available,0: Zero
LU1:DF_B1100(1.0),C07: Luxembourgish females,A: Annual,2008-12-31,,,,,,l: Not available,0: Zero
LU1:DF_B1100(1.0),C07: Luxembourgish females,A: Annual,2009-12-31,,,,,,l: Not available,0: Zero
LU1:DF_B1100(1.0),C07: Luxembourgish females,A: Annual,2010-12-31,,,,,,l: Not available,0: Zero
LU1:DF_B1100(1.0),C07: Luxembourgish females,A: Annual,2011-02-01,148680,,,,SL01: Data from population census,,0: Zero
LU1:DF_B1100(1.0),C07: Luxembourgish females,A: Annual,2011-12-31,,,,,,l: Not available,0: Zero
LU1:DF_B1100(1.0),C07: Luxembourgish females,A: Annual,2012-12-31,,,,,,l: Not available,0: Zero
LU1:DF_B1100(1.0),C07: Luxembourgish females,A: Annual,2013-12-31,,,,,,l: Not available,0: Zero
LU1:DF_B1100(1.0),C07: Luxembourgish females,A: Annual,2014-12-31,,,,,,l: Not available,0: Zero
LU1:DF_B1100(1.0),C07: Luxembourgish females,A: Annual,2015-12-31,,,,,,l: Not available,0: Zero
LU1:DF_B1100(1.0),C07: Luxembourgish females,A: Annual,2016-12-31,157238,,,,R02: Data from population Register,,0: Zero
LU1:DF_B1100(1.0),C07: Luxembourgish females,A: Annual,2017-12-31,159467,,,,R02: Data from population Register,,0: Zero
LU1:DF_B1100(1.0),C07: Luxembourgish females,A: Annual,2018-12-31,163722,,,,R02: Data from population Register,,0: Zero
LU1:DF_B1100(1.0),C07: Luxembourgish females,A: Annual,2019-12-31,167376,,,,R02: Data from population Register,,0: Zero
LU1:DF_B1100(1.0),C07: Luxembourgish females,A: Annual,2020-12-31,170248,,,,R02: Data from population Register,,0: Zero
LU1:DF_B1100(1.0),C07: Luxembourgish females,A: Annual,2021-12-31,173216,,,,R02: Data from population Register,,0: Zero
LU1:DF_B1100(1.0),C07: Luxembourgish females,A: Annual,2022-12-31,176276,,,,R02: Data from population Register,,0: Zero
LU1:DF_B1100(1.0),C08: Femmes étrangères,A: Annual,1821-01-01,,,,,,l: Not available,0: Zero
LU1:DF_B1100(1.0),C08: Femmes étrangères,A: Annual,1839-10-01,,,,,,l: Not available,0: Zero
LU1:DF_B1100(1.0),C08: Femmes étrangères,A: Annual,1846-12-03,,,,,,l: Not available,0: Zero
LU1:DF_B1100(1.0),C08: Femmes étrangères,A: Annual,1847-12-31,,,,,,l: Not available,0: Zero
LU1:DF_B1100(1.0),C08: Femmes étrangères,A: Annual,1849-12-03,,,,,,l: Not available,0: Zero
LU1:DF_B1100(1.0),C08: Femmes étrangères,A: Annual,1851-12-31,,,,,,l: Not available,0: Zero
LU1:DF_B1100(1.0),C08: Femmes étrangères,A: Annual,1855-12-03,,,,,,l: Not available,0: Zero
LU1:DF_B1100(1.0),C08: Femmes étrangères,A: Annual,1861-12-03,,,,,,l: Not available,0: Zero
LU1:DF_B1100(1.0),C08: Femmes étrangères,A: Annual,1864-12-03,,,,,,l: Not available,0: Zero
LU1:DF_B1100(1.0),C08: Femmes étrangères,A: Annual,1865-12-31,,,,,,l: Not available,0: Zero
LU1:DF_B1100(1.0),C08: Femmes étrangères,A: Annual,1871-12-01,2259,,,,SL01: Data from population census,,0: Zero
LU1:DF_B1100(1.0),C08: Femmes étrangères,A: Annual,1875-12-01,2150,,,,SL01: Data from population census,,0: Zero
LU1:DF_B1100(1.0),C08: Femmes étrangères,A: Annual,1880-12-01,5469,,,,SL01: Data from population census,,0: Zero
LU1:DF_B1100(1.0),C08: Femmes étrangères,A: Annual,1885-12-01,7097,,,,SL01: Data from population census,,0: Zero
LU1:DF_B1100(1.0),C08: Femmes étrangères,A: Annual,1890-12-01,8348,,,,SL01: Data from population census,,0: Zero
LU1:DF_B1100(1.0),C08: Femmes étrangères,A: Annual,1895-12-02,8777,,,,SL01: Data from population census,,0: Zero
LU1:DF_B1100(1.0),C08: Femmes étrangères,A: Annual,1900-12-01,10593,,,,SL01: Data from population census,,0: Zero
LU1:DF_B1100(1.0),C08: Femmes étrangères,A: Annual,1905-12-01,12749,,,,SL01: Data from population census,,0: Zero
LU1:DF_B1100(1.0),C08: Femmes étrangères,A: Annual,1910-12-01,15589,,,,SL01: Data from population census,,0: Zero
LU1:DF_B1100(1.0),C08: Femmes étrangères,A: Annual,1916-12-01,,,,,,l: Not available,0: Zero
LU1:DF_B1100(1.0),C08: Femmes étrangères,A: Annual,1922-12-01,15291,,,,SL01: Data from population census,,0: Zero
LU1:DF_B1100(1.0),C08: Femmes étrangères,A: Annual,1927-12-01,19921,,,,SL01: Data from population census,,0: Zero
LU1:DF_B1100(1.0),C08: Femmes étrangères,A: Annual,1930-12-31,24449,,,,SL01: Data from population census,,0: Zero
LU1:DF_B1100(1.0),C08: Femmes étrangères,A: Annual,1935-12-31,18023,,,,SL01: Data from population census,,0: Zero
LU1:DF_B1100(1.0),C08: Femmes étrangères,A: Annual,1947-12-31,13732,,,,SL01: Data from population census,,0: Zero
LU1:DF_B1100(1.0),C08: Femmes étrangères,A: Annual,1960-12-31,20300,,,,SL01: Data from population census,,0: Zero
LU1:DF_B1100(1.0),C08: Femmes étrangères,A: Annual,1966-12-31,28078,,,,SL01: Data from population census,,0: Zero
LU1:DF_B1100(1.0),C08: Femmes étrangères,A: Annual,1970-12-31,30999,,,,SL01: Data from population census,,0: Zero
LU1:DF_B1100(1.0),C08: Femmes étrangères,A: Annual,1974-12-31,,,,,,l: Not available,0: Zero
LU1:DF_B1100(1.0),C08: Femmes étrangères,A: Annual,1975-12-31,,,,,,l: Not available,0: Zero
LU1:DF_B1100(1.0),C08: Femmes étrangères,A: Annual,1976-12-31,,,,,,l: Not available,0: Zero
LU1:DF_B1100(1.0),C08: Femmes étrangères,A: Annual,1977-12-31,,,,,,l: Not available,0: Zero
LU1:DF_B1100(1.0),C08: Femmes étrangères,A: Annual,1978-12-31,,,,,,l: Not available,0: Zero
LU1:DF_B1100(1.0),C08: Femmes étrangères,A: Annual,1979-12-31,,,,,,l: Not available,0: Zero
LU1:DF_B1100(1.0),C08: Femmes étrangères,A: Annual,1980-12-31,,,,,,l: Not available,0: Zero
LU1:DF_B1100(1.0),C08: Femmes étrangères,A: Annual,1981-03-31,47717,,,,SL01: Data from population census,,0: Zero
LU1:DF_B1100(1.0),C08: Femmes étrangères,A: Annual,1981-12-31,,,,,,l: Not available,0: Zero
LU1:DF_B1100(1.0),C08: Femmes étrangères,A: Annual,1982-12-31,,,,,,l: Not available,0: Zero
LU1:DF_B1100(1.0),C08: Femmes étrangères,A: Annual,1983-12-31,,,,,,l: Not available,0: Zero
LU1:DF_B1100(1.0),C08: Femmes étrangères,A: Annual,1984-12-31,,,,,,l: Not available,0: Zero
LU1:DF_B1100(1.0),C08: Femmes étrangères,A: Annual,1985-12-31,,,,,,l: Not available,0: Zero
LU1:DF_B1100(1.0),C08: Femmes étrangères,A: Annual,1986-12-31,,,,,,l: Not available,0: Zero
LU1:DF_B1100(1.0),C08: Femmes étrangères,A: Annual,1987-12-31,,,,,,l: Not available,0: Zero
LU1:DF_B1100(1.0),C08: Femmes étrangères,A: Annual,1988-12-31,,,,,,l: Not available,0: Zero
LU1:DF_B1100(1.0),C08: Femmes étrangères,A: Annual,1989-12-31,,,,,,l: Not available,0: Zero
LU1:DF_B1100(1.0),C08: Femmes étrangères,A: Annual,1990-12-31,,,,,,l: Not available,0: Zero
LU1:DF_B1100(1.0),C08: Femmes étrangères,A: Annual,1991-03-01,56788,,,,SL01: Data from population census,,0: Zero
LU1:DF_B1100(1.0),C08: Femmes étrangères,A: Annual,1991-12-31,,,,,,l: Not available,0: Zero
LU1:DF_B1100(1.0),C08: Femmes étrangères,A: Annual,1992-12-31,,,,,,l: Not available,0: Zero
LU1:DF_B1100(1.0),C08: Femmes étrangères,A: Annual,1993-12-31,,,,,,l: Not available,0: Zero
LU1:DF_B1100(1.0),C08: Femmes étrangères,A: Annual,1994-12-31,,,,,,l: Not available,0: Zero
LU1:DF_B1100(1.0),C08: Femmes étrangères,A: Annual,1995-12-31,,,,,,l: Not available,0: Zero
LU1:DF_B1100(1.0),C08: Femmes étrangères,A: Annual,1996-12-31,,,,,,l: Not available,0: Zero
LU1:DF_B1100(1.0),C08: Femmes étrangères,A: Annual,1997-12-31,,,,,,l: Not available,0: Zero
LU1:DF_B1100(1.0),C08: Femmes étrangères,A: Annual,1998-12-31,,,,,,l: Not available,0: Zero
LU1:DF_B1100(1.0),C08: Femmes étrangères,A: Annual,1999-12-31,,,,,,l: Not available,0: Zero
LU1:DF_B1100(1.0),C08: Femmes étrangères,A: Annual,2000-12-31,,,,,,l: Not available,0: Zero
LU1:DF_B1100(1.0),C08: Femmes étrangères,A: Annual,2001-02-15,81118,,,,SL01: Data from population census,,0: Zero
LU1:DF_B1100(1.0),C08: Femmes étrangères,A: Annual,2001-12-31,,,,,,l: Not available,0: Zero
LU1:DF_B1100(1.0),C08: Femmes étrangères,A: Annual,2002-12-31,,,,,,l: Not available,0: Zero
LU1:DF_B1100(1.0),C08: Femmes étrangères,A: Annual,2003-12-31,,,,,,l: Not available,0: Zero
LU1:DF_B1100(1.0),C08: Femmes étrangères,A: Annual,2004-12-31,,,,,,l: Not available,0: Zero
LU1:DF_B1100(1.0),C08: Femmes étrangères,A: Annual,2005-12-31,,,,,,l: Not available,0: Zero
LU1:DF_B1100(1.0),C08: Femmes étrangères,A: Annual,2006-12-31,,,,,,l: Not available,0: Zero
LU1:DF_B1100(1.0),C08: Femmes étrangères,A: Annual,2007-12-31,,,,,,l: Not available,0: Zero
LU1:DF_B1100(1.0),C08: Femmes étrangères,A: Annual,2008-12-31,,,,,,l: Not available,0: Zero
LU1:DF_B1100(1.0),C08: Femmes étrangères,A: Annual,2009-12-31,,,,,,l: Not available,0: Zero
LU1:DF_B1100(1.0),C08: Femmes étrangères,A: Annual,2010-12-31,,,,,,l: Not available,0: Zero
LU1:DF_B1100(1.0),C08: Femmes étrangères,A: Annual,2011-02-01,108706,,,,SL01: Data from population census,,0: Zero
LU1:DF_B1100(1.0),C08: Femmes étrangères,A: Annual,2011-12-31,,,,,,l: Not available,0: Zero
LU1:DF_B1100(1.0),C08: Femmes étrangères,A: Annual,2012-12-31,,,,,,l: Not available,0: Zero
LU1:DF_B1100(1.0),C08: Femmes étrangères,A: Annual,2013-12-31,,,,,,l: Not available,0: Zero
LU1:DF_B1100(1.0),C08: Femmes étrangères,A: Annual,2014-12-31,,,,,,l: Not available,0: Zero
LU1:DF_B1100(1.0),C08: Femmes étrangères,A: Annual,2015-12-31,,,,,,l: Not available,0: Zero
LU1:DF_B1100(1.0),C08: Femmes étrangères,A: Annual,2016-12-31,136788,,,,R02: Data from population Register,,0: Zero
LU1:DF_B1100(1.0),C08: Femmes étrangères,A: Annual,2017-12-31,139958,,,,R02: Data from population Register,,0: Zero
LU1:DF_B1100(1.0),C08: Femmes étrangères,A: Annual,2018-12-31,141452,,,,R02: Data from population Register,,0: Zero
LU1:DF_B1100(1.0),C08: Femmes étrangères,A: Annual,2019-12-31,143768,,,,R02: Data from population Register,,0: Zero
LU1:DF_B1100(1.0),C08: Femmes étrangères,A: Annual,2020-12-31,145026,,,,R02: Data from population Register,,0: Zero
LU1:DF_B1100(1.0),C08: Femmes étrangères,A: Annual,2021-12-31,147117,,,,R02: Data from population Register,,0: Zero
LU1:DF_B1100(1.0),C08: Femmes étrangères,A: Annual,2022-12-31,152089,,,,R02: Data from population Register,,0: Zero
